-- MySQL dump 10.13  Distrib 5.1.73, for redhat-linux-gnu (x86_64)
--
-- Host: localhost    Database: transport
-- ------------------------------------------------------
-- Server version	5.1.73

/*!40101 SET @OLD_CHARACTER_SET_CLIENT=@@CHARACTER_SET_CLIENT */;
/*!40101 SET @OLD_CHARACTER_SET_RESULTS=@@CHARACTER_SET_RESULTS */;
/*!40101 SET @OLD_COLLATION_CONNECTION=@@COLLATION_CONNECTION */;
/*!40101 SET NAMES utf8 */;
/*!40103 SET @OLD_TIME_ZONE=@@TIME_ZONE */;
/*!40103 SET TIME_ZONE='+00:00' */;
/*!40014 SET @OLD_UNIQUE_CHECKS=@@UNIQUE_CHECKS, UNIQUE_CHECKS=0 */;
/*!40014 SET @OLD_FOREIGN_KEY_CHECKS=@@FOREIGN_KEY_CHECKS, FOREIGN_KEY_CHECKS=0 */;
/*!40101 SET @OLD_SQL_MODE=@@SQL_MODE, SQL_MODE='NO_AUTO_VALUE_ON_ZERO' */;
/*!40111 SET @OLD_SQL_NOTES=@@SQL_NOTES, SQL_NOTES=0 */;

--
-- Table structure for table `auth_group`
--

DROP TABLE IF EXISTS `auth_group`;
/*!40101 SET @saved_cs_client     = @@character_set_client */;
/*!40101 SET character_set_client = utf8 */;
CREATE TABLE `auth_group` (
  `id` int(11) NOT NULL AUTO_INCREMENT,
  `name` varchar(80) NOT NULL,
  PRIMARY KEY (`id`),
  UNIQUE KEY `name` (`name`)
) ENGINE=MyISAM DEFAULT CHARSET=utf8;
/*!40101 SET character_set_client = @saved_cs_client */;

--
-- Dumping data for table `auth_group`
--

LOCK TABLES `auth_group` WRITE;
/*!40000 ALTER TABLE `auth_group` DISABLE KEYS */;
/*!40000 ALTER TABLE `auth_group` ENABLE KEYS */;
UNLOCK TABLES;

--
-- Table structure for table `auth_group_permissions`
--

DROP TABLE IF EXISTS `auth_group_permissions`;
/*!40101 SET @saved_cs_client     = @@character_set_client */;
/*!40101 SET character_set_client = utf8 */;
CREATE TABLE `auth_group_permissions` (
  `id` int(11) NOT NULL AUTO_INCREMENT,
  `group_id` int(11) NOT NULL,
  `permission_id` int(11) NOT NULL,
  PRIMARY KEY (`id`),
  UNIQUE KEY `group_id` (`group_id`,`permission_id`),
  KEY `auth_group_permissions_5f412f9a` (`group_id`),
  KEY `auth_group_permissions_83d7f98b` (`permission_id`)
) ENGINE=MyISAM DEFAULT CHARSET=utf8;
/*!40101 SET character_set_client = @saved_cs_client */;

--
-- Dumping data for table `auth_group_permissions`
--

LOCK TABLES `auth_group_permissions` WRITE;
/*!40000 ALTER TABLE `auth_group_permissions` DISABLE KEYS */;
/*!40000 ALTER TABLE `auth_group_permissions` ENABLE KEYS */;
UNLOCK TABLES;

--
-- Table structure for table `auth_permission`
--

DROP TABLE IF EXISTS `auth_permission`;
/*!40101 SET @saved_cs_client     = @@character_set_client */;
/*!40101 SET character_set_client = utf8 */;
CREATE TABLE `auth_permission` (
  `id` int(11) NOT NULL AUTO_INCREMENT,
  `name` varchar(50) NOT NULL,
  `content_type_id` int(11) NOT NULL,
  `codename` varchar(100) NOT NULL,
  PRIMARY KEY (`id`),
  UNIQUE KEY `content_type_id` (`content_type_id`,`codename`),
  KEY `auth_permission_37ef4eb4` (`content_type_id`)
) ENGINE=MyISAM AUTO_INCREMENT=43 DEFAULT CHARSET=utf8;
/*!40101 SET character_set_client = @saved_cs_client */;

--
-- Dumping data for table `auth_permission`
--

LOCK TABLES `auth_permission` WRITE;
/*!40000 ALTER TABLE `auth_permission` DISABLE KEYS */;
INSERT INTO `auth_permission` VALUES (1,'Can add log entry',1,'add_logentry'),(2,'Can change log entry',1,'change_logentry'),(3,'Can delete log entry',1,'delete_logentry'),(4,'Can add permission',2,'add_permission'),(5,'Can change permission',2,'change_permission'),(6,'Can delete permission',2,'delete_permission'),(7,'Can add group',3,'add_group'),(8,'Can change group',3,'change_group'),(9,'Can delete group',3,'delete_group'),(10,'Can add user',4,'add_user'),(11,'Can change user',4,'change_user'),(12,'Can delete user',4,'delete_user'),(13,'Can add content type',5,'add_contenttype'),(14,'Can change content type',5,'change_contenttype'),(15,'Can delete content type',5,'delete_contenttype'),(16,'Can add session',6,'add_session'),(17,'Can change session',6,'change_session'),(18,'Can delete session',6,'delete_session'),(19,'Can add 发货企业',7,'add_client'),(20,'Can change 发货企业',7,'change_client'),(21,'Can delete 发货企业',7,'delete_client'),(22,'Can add 货车司机',8,'add_driver'),(23,'Can change 货车司机',8,'change_driver'),(24,'Can delete 货车司机',8,'delete_driver'),(25,'Can add 订单',9,'add_order'),(26,'Can change 订单',9,'change_order'),(27,'Can delete 订单',9,'delete_order'),(28,'Can add 订单报价',10,'add_offer'),(29,'Can change 订单报价',10,'change_offer'),(30,'Can delete 订单报价',10,'delete_offer'),(31,'Can add 位置信息',11,'add_location'),(32,'Can change 位置信息',11,'change_location'),(33,'Can delete 位置信息',11,'delete_location'),(34,'Can add 货车类型管理',12,'add_truck'),(35,'Can change 货车类型管理',12,'change_truck'),(36,'Can delete 货车类型管理',12,'delete_truck'),(37,'Can add 司机在线位置',13,'add_online'),(38,'Can change 司机在线位置',13,'change_online'),(39,'Can delete 司机在线位置',13,'delete_online'),(40,'Can add 推送记录',14,'add_push'),(41,'Can change 推送记录',14,'change_push'),(42,'Can delete 推送记录',14,'delete_push');
/*!40000 ALTER TABLE `auth_permission` ENABLE KEYS */;
UNLOCK TABLES;

--
-- Table structure for table `auth_user`
--

DROP TABLE IF EXISTS `auth_user`;
/*!40101 SET @saved_cs_client     = @@character_set_client */;
/*!40101 SET character_set_client = utf8 */;
CREATE TABLE `auth_user` (
  `id` int(11) NOT NULL AUTO_INCREMENT,
  `password` varchar(128) NOT NULL,
  `last_login` datetime NOT NULL,
  `is_superuser` tinyint(1) NOT NULL,
  `username` varchar(30) NOT NULL,
  `first_name` varchar(30) NOT NULL,
  `last_name` varchar(30) NOT NULL,
  `email` varchar(75) NOT NULL,
  `is_staff` tinyint(1) NOT NULL,
  `is_active` tinyint(1) NOT NULL,
  `date_joined` datetime NOT NULL,
  PRIMARY KEY (`id`),
  UNIQUE KEY `username` (`username`)
) ENGINE=MyISAM AUTO_INCREMENT=3 DEFAULT CHARSET=utf8;
/*!40101 SET character_set_client = @saved_cs_client */;

--
-- Dumping data for table `auth_user`
--

LOCK TABLES `auth_user` WRITE;
/*!40000 ALTER TABLE `auth_user` DISABLE KEYS */;
INSERT INTO `auth_user` VALUES (1,'pbkdf2_sha256$12000$lHrj0rnsY3Mv$iEj+E1/o2P44s1neeAeJ2GSZ3x3xit8DuD4E1B0afvA=','2014-09-27 20:19:18',1,'congyuandong','远东','丛','congyuandong@gmail.com',1,1,'2014-08-15 13:15:08'),(2,'pbkdf2_sha256$12000$VHMgSEcAGugz$3CHbx8vzSmyxHINXcuz3SrnFkiVCXjiqBoLsw5CnRfA=','2014-09-14 08:35:16',1,'admin','','','',1,1,'2014-09-12 10:13:02');
/*!40000 ALTER TABLE `auth_user` ENABLE KEYS */;
UNLOCK TABLES;

--
-- Table structure for table `auth_user_groups`
--

DROP TABLE IF EXISTS `auth_user_groups`;
/*!40101 SET @saved_cs_client     = @@character_set_client */;
/*!40101 SET character_set_client = utf8 */;
CREATE TABLE `auth_user_groups` (
  `id` int(11) NOT NULL AUTO_INCREMENT,
  `user_id` int(11) NOT NULL,
  `group_id` int(11) NOT NULL,
  PRIMARY KEY (`id`),
  UNIQUE KEY `user_id` (`user_id`,`group_id`),
  KEY `auth_user_groups_6340c63c` (`user_id`),
  KEY `auth_user_groups_5f412f9a` (`group_id`)
) ENGINE=MyISAM DEFAULT CHARSET=utf8;
/*!40101 SET character_set_client = @saved_cs_client */;

--
-- Dumping data for table `auth_user_groups`
--

LOCK TABLES `auth_user_groups` WRITE;
/*!40000 ALTER TABLE `auth_user_groups` DISABLE KEYS */;
/*!40000 ALTER TABLE `auth_user_groups` ENABLE KEYS */;
UNLOCK TABLES;

--
-- Table structure for table `auth_user_user_permissions`
--

DROP TABLE IF EXISTS `auth_user_user_permissions`;
/*!40101 SET @saved_cs_client     = @@character_set_client */;
/*!40101 SET character_set_client = utf8 */;
CREATE TABLE `auth_user_user_permissions` (
  `id` int(11) NOT NULL AUTO_INCREMENT,
  `user_id` int(11) NOT NULL,
  `permission_id` int(11) NOT NULL,
  PRIMARY KEY (`id`),
  UNIQUE KEY `user_id` (`user_id`,`permission_id`),
  KEY `auth_user_user_permissions_6340c63c` (`user_id`),
  KEY `auth_user_user_permissions_83d7f98b` (`permission_id`)
) ENGINE=MyISAM DEFAULT CHARSET=utf8;
/*!40101 SET character_set_client = @saved_cs_client */;

--
-- Dumping data for table `auth_user_user_permissions`
--

LOCK TABLES `auth_user_user_permissions` WRITE;
/*!40000 ALTER TABLE `auth_user_user_permissions` DISABLE KEYS */;
/*!40000 ALTER TABLE `auth_user_user_permissions` ENABLE KEYS */;
UNLOCK TABLES;

--
-- Table structure for table `django_admin_log`
--

DROP TABLE IF EXISTS `django_admin_log`;
/*!40101 SET @saved_cs_client     = @@character_set_client */;
/*!40101 SET character_set_client = utf8 */;
CREATE TABLE `django_admin_log` (
  `id` int(11) NOT NULL AUTO_INCREMENT,
  `action_time` datetime NOT NULL,
  `user_id` int(11) NOT NULL,
  `content_type_id` int(11) DEFAULT NULL,
  `object_id` longtext,
  `object_repr` varchar(200) NOT NULL,
  `action_flag` smallint(5) unsigned NOT NULL,
  `change_message` longtext NOT NULL,
  PRIMARY KEY (`id`),
  KEY `django_admin_log_6340c63c` (`user_id`),
  KEY `django_admin_log_37ef4eb4` (`content_type_id`)
) ENGINE=MyISAM AUTO_INCREMENT=79 DEFAULT CHARSET=utf8;
/*!40101 SET character_set_client = @saved_cs_client */;

--
-- Dumping data for table `django_admin_log`
--

LOCK TABLES `django_admin_log` WRITE;
/*!40000 ALTER TABLE `django_admin_log` DISABLE KEYS */;
INSERT INTO `django_admin_log` VALUES (1,'2014-08-15 13:17:04',1,4,'1','congyuandong',2,'已修改 first_name 和 last_name 。'),(2,'2014-08-16 14:20:56',1,8,'1','丛远东',1,''),(3,'2014-08-19 14:24:56',1,8,'6','11',3,''),(4,'2014-08-19 14:24:56',1,8,'5','11',3,''),(5,'2014-08-19 14:24:56',1,8,'4','11',3,''),(6,'2014-08-19 14:24:56',1,8,'3','11',3,''),(7,'2014-08-24 03:39:56',1,9,'1','2008012345',1,''),(8,'2014-08-24 05:43:07',1,7,'1','1',3,''),(9,'2014-08-24 05:55:46',1,9,'1','11',1,''),(10,'2014-08-24 06:36:48',1,9,'1','12345678',1,''),(11,'2014-08-24 13:00:44',1,10,'1','12345678',1,''),(12,'2014-08-26 07:37:20',1,8,'8','刘启超',2,'已修改 dr_name，dr_iden，dr_tel，dr_number，dr_hand，dr_type，dr_length，dr_weight 和 dr_pwd 。'),(13,'2014-08-26 07:43:49',1,10,'6','至诚迅达',1,''),(14,'2014-08-26 07:44:05',1,10,'7','至诚迅达',1,''),(15,'2014-08-26 07:44:23',1,10,'8','至诚迅达',1,''),(16,'2014-08-26 08:50:43',1,10,'8','至诚迅达',2,'已修改 of_distance 。'),(17,'2014-08-26 12:07:41',1,10,'6','至诚迅达',2,'已修改 of_confirm 。'),(18,'2014-08-26 12:08:55',1,9,'1','黑龙江私营工厂寻找货运物流',2,'已修改 or_status 。'),(19,'2014-08-26 12:16:12',1,8,'7','丛远东1',2,'已修改 dr_name 。'),(20,'2014-08-26 12:16:49',1,8,'2','丛远东2',2,'已修改 dr_name 和 dr_tel 。'),(21,'2014-08-26 12:16:54',1,8,'8','刘启超',2,'已修改 dr_tel 。'),(22,'2014-08-26 12:17:01',1,8,'1','丛远东3',2,'已修改 dr_name 和 dr_iden 。'),(23,'2014-08-27 11:37:34',1,11,'2','location object',2,'已修改 lo_update 。'),(24,'2014-08-27 11:37:39',1,11,'1','location object',2,'已修改 lo_update 。'),(25,'2014-08-27 11:37:57',1,11,'1','location object',2,'已修改 lo_update 。'),(26,'2014-08-27 11:38:06',1,11,'2','location object',2,'已修改 lo_update 。'),(27,'2014-08-27 12:03:03',1,9,'2','黑龙江私营工厂寻找货运物流',2,'已修改 or_status 。'),(28,'2014-08-27 12:03:09',1,9,'1','黑龙江私营工厂寻找货运物流',2,'已修改 or_status 。'),(29,'2014-08-27 14:00:49',1,9,'5','黑龙江私营工厂寻找货运物流',2,'已修改 or_size 。'),(30,'2014-08-27 14:01:00',1,9,'4','黑龙江私营工厂寻找货运物流',2,'已修改 or_size 。'),(31,'2014-08-27 14:01:04',1,9,'3','黑龙江私营工厂寻找货运物流',2,'已修改 or_size 。'),(32,'2014-08-27 14:01:10',1,9,'2','黑龙江私营工厂寻找货运物流',2,'已修改 or_size 。'),(33,'2014-08-27 14:01:16',1,9,'1','黑龙江私营工厂寻找货运物流',2,'已修改 or_size 。'),(34,'2014-09-02 13:53:54',1,7,'8','夜雨闻铃',3,''),(35,'2014-09-02 13:53:54',1,7,'7','111111',3,''),(36,'2014-09-02 15:16:47',1,7,'9','夜雨闻铃',3,''),(37,'2014-09-02 15:20:36',1,7,'10','夜雨闻铃',3,''),(38,'2014-09-02 15:53:42',1,7,'3','11',3,''),(39,'2014-09-04 17:33:36',1,12,'1','挂车',1,''),(40,'2014-09-04 17:33:43',1,12,'2','平板车',1,''),(41,'2014-09-04 17:33:58',1,12,'3','厢式车',1,''),(42,'2014-09-07 13:21:29',1,9,'5','黑龙江私营工厂寻找货运物流1',2,'已修改 or_title 。'),(43,'2014-09-07 13:21:36',1,9,'4','黑龙江私营工厂寻找货运物流2',2,'已修改 or_title 。'),(44,'2014-09-07 13:21:46',1,9,'3','黑龙江私营工厂寻找货运物流3',2,'已修改 or_title 。'),(45,'2014-09-07 13:21:53',1,9,'2','黑龙江私营工厂寻找货运物流4',2,'已修改 or_title 。'),(46,'2014-09-07 13:21:59',1,9,'1','黑龙江私营工厂寻找货运物流5',2,'已修改 or_title 。'),(47,'2014-09-10 16:06:00',1,9,'3','黑龙江私营工厂寻找货运物流3',2,'已修改 or_status 。'),(48,'2014-09-10 16:14:11',1,9,'12','测试发布用车需求3',2,'没有字段被修改。'),(49,'2014-09-10 16:14:59',1,9,'6','工程大学15公寓需车',2,'已修改 or_status 。'),(50,'2014-09-10 20:58:19',1,8,'11','eeeeeeee',1,''),(51,'2014-09-10 20:58:40',1,8,'11','eeeeeeee',3,''),(52,'2014-09-10 20:59:21',1,12,'4','大挂车',1,''),(53,'2014-09-10 20:59:59',1,12,'4','大挂车',3,''),(54,'2014-09-11 15:30:12',1,9,'28','实验测试4',2,'已修改 or_status 。'),(55,'2014-09-11 15:33:20',1,9,'29','需求测试21',2,'已修改 or_status 。'),(56,'2014-09-11 16:46:18',1,9,'29','需求测试21',2,'已修改 or_status 。'),(57,'2014-09-11 16:46:34',1,9,'28','实验测试4',2,'已修改 or_status 。'),(58,'2014-09-12 10:13:02',1,4,'2','admin',1,''),(59,'2014-09-12 10:13:12',1,4,'2','admin',2,'已修改 is_staff 和 is_superuser 。'),(60,'2014-09-12 16:51:22',2,12,'5','敞车',1,''),(61,'2014-09-12 16:52:44',2,12,'6','面包车',1,''),(62,'2014-09-12 16:52:48',2,12,'7','金杯车',1,''),(63,'2014-09-12 16:52:54',2,12,'8','依维柯',1,''),(64,'2014-09-12 16:54:06',2,12,'9','高栏车',1,''),(65,'2014-09-12 16:54:07',2,12,'10','高栏车',1,''),(66,'2014-09-12 16:54:19',2,12,'10','高栏车',3,''),(67,'2014-09-12 16:54:40',2,12,'9','高栏车',2,'已修改 tr_sort 。'),(68,'2014-09-12 16:54:52',2,12,'5','敞车',2,'已修改 tr_sort 。'),(69,'2014-09-12 16:55:07',2,12,'5','敞车',2,'没有字段被修改。'),(70,'2014-09-12 16:55:15',2,12,'3','厢式车',2,'已修改 tr_sort 。'),(71,'2014-09-12 16:55:29',2,12,'6','面包车',2,'没有字段被修改。'),(72,'2014-09-12 16:55:37',2,12,'2','平板车',2,'已修改 tr_sort 。'),(73,'2014-09-12 16:55:42',2,12,'8','依维柯',2,'已修改 tr_sort 。'),(74,'2014-09-12 16:55:49',2,12,'3','厢式车',2,'没有字段被修改。'),(75,'2014-09-12 16:55:54',2,12,'7','金杯车',2,'已修改 tr_sort 。'),(76,'2014-09-12 16:56:02',2,12,'6','面包车',2,'已修改 tr_sort 。'),(77,'2014-09-12 16:56:06',2,12,'8','依维柯',2,'没有字段被修改。'),(78,'2014-09-12 16:56:23',2,12,'2','平板车',2,'已修改 tr_sort 。');
/*!40000 ALTER TABLE `django_admin_log` ENABLE KEYS */;
UNLOCK TABLES;

--
-- Table structure for table `django_content_type`
--

DROP TABLE IF EXISTS `django_content_type`;
/*!40101 SET @saved_cs_client     = @@character_set_client */;
/*!40101 SET character_set_client = utf8 */;
CREATE TABLE `django_content_type` (
  `id` int(11) NOT NULL AUTO_INCREMENT,
  `name` varchar(100) NOT NULL,
  `app_label` varchar(100) NOT NULL,
  `model` varchar(100) NOT NULL,
  PRIMARY KEY (`id`),
  UNIQUE KEY `app_label` (`app_label`,`model`)
) ENGINE=MyISAM AUTO_INCREMENT=15 DEFAULT CHARSET=utf8;
/*!40101 SET character_set_client = @saved_cs_client */;

--
-- Dumping data for table `django_content_type`
--

LOCK TABLES `django_content_type` WRITE;
/*!40000 ALTER TABLE `django_content_type` DISABLE KEYS */;
INSERT INTO `django_content_type` VALUES (1,'log entry','admin','logentry'),(2,'permission','auth','permission'),(3,'group','auth','group'),(4,'user','auth','user'),(5,'content type','contenttypes','contenttype'),(6,'session','sessions','session'),(7,'发货企业','transport','client'),(8,'货车司机','transport','driver'),(9,'订单','transport','order'),(10,'订单报价','transport','offer'),(11,'位置信息','transport','location'),(12,'货车类型管理','transport','truck'),(13,'司机在线位置','transport','online'),(14,'推送记录','transport','push');
/*!40000 ALTER TABLE `django_content_type` ENABLE KEYS */;
UNLOCK TABLES;

--
-- Table structure for table `django_session`
--

DROP TABLE IF EXISTS `django_session`;
/*!40101 SET @saved_cs_client     = @@character_set_client */;
/*!40101 SET character_set_client = utf8 */;
CREATE TABLE `django_session` (
  `session_key` varchar(40) NOT NULL,
  `session_data` longtext NOT NULL,
  `expire_date` datetime NOT NULL,
  PRIMARY KEY (`session_key`),
  KEY `django_session_b7b81f0c` (`expire_date`)
) ENGINE=MyISAM DEFAULT CHARSET=utf8;
/*!40101 SET character_set_client = @saved_cs_client */;

--
-- Dumping data for table `django_session`
--

LOCK TABLES `django_session` WRITE;
/*!40000 ALTER TABLE `django_session` DISABLE KEYS */;
INSERT INTO `django_session` VALUES ('oxic58ftltngepqns4pcz88pxmyxs6hk','M2Q3N2YzMzI4Mjg5YmVkYTFhZGE4YWJlODJmODhhMWU5ZmEwNzI1MDp7InVzZXJuYW1lIjoiMTEifQ==','2014-09-06 12:29:59'),('t70yr1x4w3bdvxsgvay9cfbqy79eqyxb','M2UzOGU0NjZjMDg0ZjUwNWQ1MTBlYWNmNzEwZTdlNjU3N2M1OTY3Njp7InVzZXJuYW1lIjoiXHU0ZTFiXHU4ZmRjXHU0ZTFjIiwidXNlcl9pZCI6MTEsIl9hdXRoX3VzZXJfYmFja2VuZCI6ImRqYW5nby5jb250cmliLmF1dGguYmFja2VuZHMuTW9kZWxCYWNrZW5kIiwiX2F1dGhfdXNlcl9pZCI6MX0=','2014-09-21 05:54:34'),('de6f1ehahtiauyllqn7rq5rpe3dyc5g8','MmNjNzRlYzNiMzcyYTBjMzVhODgxZGE0OTBkYjllYWQ2MTU3N2JiMjp7Il9hdXRoX3VzZXJfYmFja2VuZCI6ImRqYW5nby5jb250cmliLmF1dGguYmFja2VuZHMuTW9kZWxCYWNrZW5kIiwiX2F1dGhfdXNlcl9pZCI6MX0=','2014-08-30 07:10:36'),('6n9cj8ekpe7gfnwzca4nj5oc4y2a4zik','NTA0YjlmMjg2MzQ0MWM1MGE1MDVjNTU0YzY3Y2YxYmQzN2M5ZjY3Njp7InVzZXJuYW1lIjoiXHU0ZTFiXHU4ZmRjXHU0ZTFjIiwidXNlcl9pZCI6MiwiX2F1dGhfdXNlcl9pZCI6MSwiX2F1dGhfdXNlcl9iYWNrZW5kIjoiZGphbmdvLmNvbnRyaWIuYXV0aC5iYWNrZW5kcy5Nb2RlbEJhY2tlbmQifQ==','2014-09-17 11:41:46'),('4iby6bv7x3ou7dv2i5dphnk8mbybzd1l','NTA0YjlmMjg2MzQ0MWM1MGE1MDVjNTU0YzY3Y2YxYmQzN2M5ZjY3Njp7InVzZXJuYW1lIjoiXHU0ZTFiXHU4ZmRjXHU0ZTFjIiwidXNlcl9pZCI6MiwiX2F1dGhfdXNlcl9pZCI6MSwiX2F1dGhfdXNlcl9iYWNrZW5kIjoiZGphbmdvLmNvbnRyaWIuYXV0aC5iYWNrZW5kcy5Nb2RlbEJhY2tlbmQifQ==','2014-09-11 11:58:49'),('sooi2inkncgvqq62pifz8sqm9xq33jc4','ZWU3M2RiYmJhOWIxNzVjZDg3MGE4M2NmODcyOTcwN2I5MDUzNDI4Njp7InVzZXJuYW1lIjoiXHU0ZTFiXHU4ZmRjXHU0ZTFjIiwidXNlcl9pZCI6MiwiX2F1dGhfdXNlcl9iYWNrZW5kIjoiZGphbmdvLmNvbnRyaWIuYXV0aC5iYWNrZW5kcy5Nb2RlbEJhY2tlbmQiLCJfYXV0aF91c2VyX2lkIjoxfQ==','2014-09-09 06:48:55'),('txkpo21v9ztpxuaz9wz81bilc7ny9ks3','M2Y3MjUyZTZmYWNkZjUwYTllMDhmMzE0NzFmMWM3YjY2ZWRjMWJlOTp7InVzZXJuYW1lIjoiXHU0ZTFiXHU4ZmRjXHU0ZTFjIiwidXNlcl9pZCI6Mn0=','2014-09-16 10:46:03'),('p87gvplltew7lgjl9srnf6p61dkahn87','NzkyMzg0OWFiZmVmMDY1ZDE1Zjg3YmYwYjBkNWZlNTE1YTYwMGZjYzp7fQ==','2014-09-11 15:00:22'),('8wvis2abuvr3fnukfcr2dg68sjuq6vna','ZWU3M2RiYmJhOWIxNzVjZDg3MGE4M2NmODcyOTcwN2I5MDUzNDI4Njp7InVzZXJuYW1lIjoiXHU0ZTFiXHU4ZmRjXHU0ZTFjIiwidXNlcl9pZCI6MiwiX2F1dGhfdXNlcl9iYWNrZW5kIjoiZGphbmdvLmNvbnRyaWIuYXV0aC5iYWNrZW5kcy5Nb2RlbEJhY2tlbmQiLCJfYXV0aF91c2VyX2lkIjoxfQ==','2014-09-14 05:28:36'),('012ahzbjzzm1nkt7lp08m5ctlr7wvwen','MmNjNzRlYzNiMzcyYTBjMzVhODgxZGE0OTBkYjllYWQ2MTU3N2JiMjp7Il9hdXRoX3VzZXJfYmFja2VuZCI6ImRqYW5nby5jb250cmliLmF1dGguYmFja2VuZHMuTW9kZWxCYWNrZW5kIiwiX2F1dGhfdXNlcl9pZCI6MX0=','2014-09-16 13:53:34'),('srrbvgsgyueiyrpbwnb9efgyofxzcqsi','M2Y3MjUyZTZmYWNkZjUwYTllMDhmMzE0NzFmMWM3YjY2ZWRjMWJlOTp7InVzZXJuYW1lIjoiXHU0ZTFiXHU4ZmRjXHU0ZTFjIiwidXNlcl9pZCI6Mn0=','2014-09-23 06:24:39'),('6q6g3bfmlmcyikwwodv2737zm6kuv9d8','ZWU3M2RiYmJhOWIxNzVjZDg3MGE4M2NmODcyOTcwN2I5MDUzNDI4Njp7InVzZXJuYW1lIjoiXHU0ZTFiXHU4ZmRjXHU0ZTFjIiwidXNlcl9pZCI6MiwiX2F1dGhfdXNlcl9iYWNrZW5kIjoiZGphbmdvLmNvbnRyaWIuYXV0aC5iYWNrZW5kcy5Nb2RlbEJhY2tlbmQiLCJfYXV0aF91c2VyX2lkIjoxfQ==','2014-09-25 16:59:50'),('c30rvsxolp8olyh456j7rpzh4zfykq3q','M2Y3MjUyZTZmYWNkZjUwYTllMDhmMzE0NzFmMWM3YjY2ZWRjMWJlOTp7InVzZXJuYW1lIjoiXHU0ZTFiXHU4ZmRjXHU0ZTFjIiwidXNlcl9pZCI6Mn0=','2014-09-26 23:46:42'),('wag1udt9cl4n53l0c6k12o5371ol63d1','M2Y3MjUyZTZmYWNkZjUwYTllMDhmMzE0NzFmMWM3YjY2ZWRjMWJlOTp7InVzZXJuYW1lIjoiXHU0ZTFiXHU4ZmRjXHU0ZTFjIiwidXNlcl9pZCI6Mn0=','2014-09-24 13:09:40'),('vjz1u3t3qxfttbe7633yr3xqzna0l50v','MmNjNzRlYzNiMzcyYTBjMzVhODgxZGE0OTBkYjllYWQ2MTU3N2JiMjp7Il9hdXRoX3VzZXJfYmFja2VuZCI6ImRqYW5nby5jb250cmliLmF1dGguYmFja2VuZHMuTW9kZWxCYWNrZW5kIiwiX2F1dGhfdXNlcl9pZCI6MX0=','2014-09-24 20:55:07'),('5wdfpaqftcn9mobzpgj344jambwx1zr3','ZWU3M2RiYmJhOWIxNzVjZDg3MGE4M2NmODcyOTcwN2I5MDUzNDI4Njp7InVzZXJuYW1lIjoiXHU0ZTFiXHU4ZmRjXHU0ZTFjIiwidXNlcl9pZCI6MiwiX2F1dGhfdXNlcl9iYWNrZW5kIjoiZGphbmdvLmNvbnRyaWIuYXV0aC5iYWNrZW5kcy5Nb2RlbEJhY2tlbmQiLCJfYXV0aF91c2VyX2lkIjoxfQ==','2014-09-24 16:32:28'),('o4ckldwpr0lkkr4xvrvvve2bay4injlw','NTA0YjlmMjg2MzQ0MWM1MGE1MDVjNTU0YzY3Y2YxYmQzN2M5ZjY3Njp7InVzZXJuYW1lIjoiXHU0ZTFiXHU4ZmRjXHU0ZTFjIiwidXNlcl9pZCI6MiwiX2F1dGhfdXNlcl9pZCI6MSwiX2F1dGhfdXNlcl9iYWNrZW5kIjoiZGphbmdvLmNvbnRyaWIuYXV0aC5iYWNrZW5kcy5Nb2RlbEJhY2tlbmQifQ==','2014-09-24 20:13:04'),('djfwwuxh4briooli9otf43qkll5mi33f','ZWU3M2RiYmJhOWIxNzVjZDg3MGE4M2NmODcyOTcwN2I5MDUzNDI4Njp7InVzZXJuYW1lIjoiXHU0ZTFiXHU4ZmRjXHU0ZTFjIiwidXNlcl9pZCI6MiwiX2F1dGhfdXNlcl9iYWNrZW5kIjoiZGphbmdvLmNvbnRyaWIuYXV0aC5iYWNrZW5kcy5Nb2RlbEJhY2tlbmQiLCJfYXV0aF91c2VyX2lkIjoxfQ==','2014-09-24 22:33:57'),('uek7hgr6nrlsaobdbnlhxwy7hvtlmlxv','ZWU3M2RiYmJhOWIxNzVjZDg3MGE4M2NmODcyOTcwN2I5MDUzNDI4Njp7InVzZXJuYW1lIjoiXHU0ZTFiXHU4ZmRjXHU0ZTFjIiwidXNlcl9pZCI6MiwiX2F1dGhfdXNlcl9iYWNrZW5kIjoiZGphbmdvLmNvbnRyaWIuYXV0aC5iYWNrZW5kcy5Nb2RlbEJhY2tlbmQiLCJfYXV0aF91c2VyX2lkIjoxfQ==','2014-09-24 22:05:23'),('s66s3jait1lz23fb75q0xc2b276sfosl','ZDhkZjE5ZjY2YWEyNzA5NzNmOGNhNzQ2ZDk4NTljZjI2MTM1YjI3YTp7InVzZXJuYW1lIjoiXHU1YjU5XHU1OTI3XHU1NzIzIiwidXNlcl9pZCI6MTIsIl9hdXRoX3VzZXJfaWQiOjEsIl9hdXRoX3VzZXJfYmFja2VuZCI6ImRqYW5nby5jb250cmliLmF1dGguYmFja2VuZHMuTW9kZWxCYWNrZW5kIn0=','2014-09-24 22:43:28'),('6ymk1up0ljmou43x0ixfk8mb643yruji','NzkyMzg0OWFiZmVmMDY1ZDE1Zjg3YmYwYjBkNWZlNTE1YTYwMGZjYzp7fQ==','2014-09-25 17:17:52'),('c9ejv7o5ohb1mlm6k2hykm60qtuujaiv','M2Y3MjUyZTZmYWNkZjUwYTllMDhmMzE0NzFmMWM3YjY2ZWRjMWJlOTp7InVzZXJuYW1lIjoiXHU0ZTFiXHU4ZmRjXHU0ZTFjIiwidXNlcl9pZCI6Mn0=','2014-09-30 12:40:35'),('7gpf2qmgqmnmfnj2t4t7s9h34s06vpie','NzkyMzg0OWFiZmVmMDY1ZDE1Zjg3YmYwYjBkNWZlNTE1YTYwMGZjYzp7fQ==','2014-09-26 10:13:43'),('btqqa0uz98alore93so0npkefgpz270s','MTgwNmE1M2IyZWJmZGUwYTVhNWNhNDdiYjdhN2IxNjIxNGJlZmQ3NTp7InVzZXJuYW1lIjoiXHU0ZTFiXHU4ZmRjXHU0ZTFjIiwiX2F1dGhfdXNlcl9pZCI6MiwidXNlcl9pZCI6MiwiX2F1dGhfdXNlcl9iYWNrZW5kIjoiZGphbmdvLmNvbnRyaWIuYXV0aC5iYWNrZW5kcy5Nb2RlbEJhY2tlbmQiLCJfbWVzc2FnZXMiOiJbW1wiX19qc29uX21lc3NhZ2VcIiwwLDI1LFwiIFxcdThkMjdcXHU4ZjY2XFx1N2M3YlxcdTU3OGJcXHU3YmExXFx1NzQwNiBcXFwiXFx1OWFkOFxcdTY4MGZcXHU4ZjY2XFxcIiBcXHU1ZGYyXFx1N2VjZlxcdTYyMTBcXHU1MjlmXFx1OGZkYlxcdTg4NGNcXHU1M2Q4XFx1NjZmNFxcdTMwMDJcXHU0ZjYwXFx1NTNlZlxcdTRlZTVcXHU1NzI4XFx1NGUwYlxcdTk3NjJcXHU1MThkXFx1NmIyMVxcdTdmMTZcXHU4ZjkxXFx1NWI4M1xcdTMwMDJcIl0sW1wiX19qc29uX21lc3NhZ2VcIiwwLDI1LFwiIFxcdThkMjdcXHU4ZjY2XFx1N2M3YlxcdTU3OGJcXHU3YmExXFx1NzQwNiBcXFwiXFx1NjU1ZVxcdThmNjZcXFwiIFxcdTVkZjJcXHU3ZWNmXFx1NjIxMFxcdTUyOWZcXHU4ZmRiXFx1ODg0Y1xcdTUzZDhcXHU2NmY0XFx1MzAwMlxcdTRmNjBcXHU1M2VmXFx1NGVlNVxcdTU3MjhcXHU0ZTBiXFx1OTc2MlxcdTUxOGRcXHU2YjIxXFx1N2YxNlxcdThmOTFcXHU1YjgzXFx1MzAwMlwiXSxbXCJfX2pzb25fbWVzc2FnZVwiLDAsMjUsXCJcXHU4ZDI3XFx1OGY2NlxcdTdjN2JcXHU1NzhiXFx1N2JhMVxcdTc0MDYgXFxcIlxcdTY1NWVcXHU4ZjY2XFxcIiBcXHU0ZmVlXFx1NjUzOVxcdTYyMTBcXHU1MjlmXFx1MzAwMlwiXSxbXCJfX2pzb25fbWVzc2FnZVwiLDAsMjUsXCJcXHU4ZDI3XFx1OGY2NlxcdTdjN2JcXHU1NzhiXFx1N2JhMVxcdTc0MDYgXFxcIlxcdTUzYTJcXHU1ZjBmXFx1OGY2NlxcXCIgXFx1NGZlZVxcdTY1MzlcXHU2MjEwXFx1NTI5ZlxcdTMwMDJcIl0sW1wiX19qc29uX21lc3NhZ2VcIiwwLDI1LFwiXFx1OGQyN1xcdThmNjZcXHU3YzdiXFx1NTc4YlxcdTdiYTFcXHU3NDA2IFxcXCJcXHU5NzYyXFx1NTMwNVxcdThmNjZcXFwiIFxcdTRmZWVcXHU2NTM5XFx1NjIxMFxcdTUyOWZcXHUzMDAyXCJdLFtcIl9fanNvbl9tZXNzYWdlXCIsMCwyNSxcIlxcdThkMjdcXHU4ZjY2XFx1N2M3YlxcdTU3OGJcXHU3YmExXFx1NzQwNiBcXFwiXFx1NWU3M1xcdTY3N2ZcXHU4ZjY2XFxcIiBcXHU0ZmVlXFx1NjUzOVxcdTYyMTBcXHU1MjlmXFx1MzAwMlwiXSxbXCJfX2pzb25fbWVzc2FnZVwiLDAsMjUsXCJcXHU4ZDI3XFx1OGY2NlxcdTdjN2JcXHU1NzhiXFx1N2JhMVxcdTc0MDYgXFxcIlxcdTRmOWRcXHU3ZWY0XFx1NjdlZlxcXCIgXFx1NGZlZVxcdTY1MzlcXHU2MjEwXFx1NTI5ZlxcdTMwMDJcIl0sW1wiX19qc29uX21lc3NhZ2VcIiwwLDI1LFwiXFx1OGQyN1xcdThmNjZcXHU3YzdiXFx1NTc4YlxcdTdiYTFcXHU3NDA2IFxcXCJcXHU1M2EyXFx1NWYwZlxcdThmNjZcXFwiIFxcdTRmZWVcXHU2NTM5XFx1NjIxMFxcdTUyOWZcXHUzMDAyXCJdLFtcIl9fanNvbl9tZXNzYWdlXCIsMCwyNSxcIlxcdThkMjdcXHU4ZjY2XFx1N2M3YlxcdTU3OGJcXHU3YmExXFx1NzQwNiBcXFwiXFx1OTFkMVxcdTY3NmZcXHU4ZjY2XFxcIiBcXHU0ZmVlXFx1NjUzOVxcdTYyMTBcXHU1MjlmXFx1MzAwMlwiXSxbXCJfX2pzb25fbWVzc2FnZVwiLDAsMjUsXCJcXHU4ZDI3XFx1OGY2NlxcdTdjN2JcXHU1NzhiXFx1N2JhMVxcdTc0MDYgXFxcIlxcdTk3NjJcXHU1MzA1XFx1OGY2NlxcXCIgXFx1NGZlZVxcdTY1MzlcXHU2MjEwXFx1NTI5ZlxcdTMwMDJcIl0sW1wiX19qc29uX21lc3NhZ2VcIiwwLDI1LFwiXFx1OGQyN1xcdThmNjZcXHU3YzdiXFx1NTc4YlxcdTdiYTFcXHU3NDA2IFxcXCJcXHU0ZjlkXFx1N2VmNFxcdTY3ZWZcXFwiIFxcdTRmZWVcXHU2NTM5XFx1NjIxMFxcdTUyOWZcXHUzMDAyXCJdLFtcIl9fanNvbl9tZXNzYWdlXCIsMCwyNSxcIlxcdThkMjdcXHU4ZjY2XFx1N2M3YlxcdTU3OGJcXHU3YmExXFx1NzQwNiBcXFwiXFx1NWU3M1xcdTY3N2ZcXHU4ZjY2XFxcIiBcXHU0ZmVlXFx1NjUzOVxcdTYyMTBcXHU1MjlmXFx1MzAwMlwiXV0ifQ==','2014-09-26 16:56:23'),('ecamd5kn6g2l50ftzd1bjk9oasdsbrhr','NTA0YjlmMjg2MzQ0MWM1MGE1MDVjNTU0YzY3Y2YxYmQzN2M5ZjY3Njp7InVzZXJuYW1lIjoiXHU0ZTFiXHU4ZmRjXHU0ZTFjIiwidXNlcl9pZCI6MiwiX2F1dGhfdXNlcl9pZCI6MSwiX2F1dGhfdXNlcl9iYWNrZW5kIjoiZGphbmdvLmNvbnRyaWIuYXV0aC5iYWNrZW5kcy5Nb2RlbEJhY2tlbmQifQ==','2014-09-28 17:08:36'),('t2nm83zii51go6fdz1xb5i2lpaoeg17d','MGYwZTNmMzQxZjM0YzFhNTllYWQ3ZTBjOWRiMjBlNzBkY2ZkYWIzNjp7Il9hdXRoX3VzZXJfaWQiOjIsIl9hdXRoX3VzZXJfYmFja2VuZCI6ImRqYW5nby5jb250cmliLmF1dGguYmFja2VuZHMuTW9kZWxCYWNrZW5kIn0=','2014-09-28 00:40:12'),('gxwl3ht4x5vj68gh85u80iymihcse8bs','OTNhN2ViMjRjNjQ4OTM5Y2Q3N2UzZTA3OGMyYTE3NmY2NjdhYjQ4ZDp7Il9hdXRoX3VzZXJfYmFja2VuZCI6ImRqYW5nby5jb250cmliLmF1dGguYmFja2VuZHMuTW9kZWxCYWNrZW5kIiwiX2F1dGhfdXNlcl9pZCI6Mn0=','2014-09-28 08:35:16'),('0chcd101bsx9go64k7j9gwjbdbl0rqcv','M2Y3MjUyZTZmYWNkZjUwYTllMDhmMzE0NzFmMWM3YjY2ZWRjMWJlOTp7InVzZXJuYW1lIjoiXHU0ZTFiXHU4ZmRjXHU0ZTFjIiwidXNlcl9pZCI6Mn0=','2014-10-02 01:25:54'),('fpgkflxn4fmntmuxiuvmjp0hi31ce4v8','NzkyMzg0OWFiZmVmMDY1ZDE1Zjg3YmYwYjBkNWZlNTE1YTYwMGZjYzp7fQ==','2014-10-02 19:12:52'),('tl707eq6j08o5xts1nomuxt693u70efj','NTA0YjlmMjg2MzQ0MWM1MGE1MDVjNTU0YzY3Y2YxYmQzN2M5ZjY3Njp7InVzZXJuYW1lIjoiXHU0ZTFiXHU4ZmRjXHU0ZTFjIiwidXNlcl9pZCI6MiwiX2F1dGhfdXNlcl9pZCI6MSwiX2F1dGhfdXNlcl9iYWNrZW5kIjoiZGphbmdvLmNvbnRyaWIuYXV0aC5iYWNrZW5kcy5Nb2RlbEJhY2tlbmQifQ==','2014-10-11 20:19:33');
/*!40000 ALTER TABLE `django_session` ENABLE KEYS */;
UNLOCK TABLES;

--
-- Table structure for table `transport_client`
--

DROP TABLE IF EXISTS `transport_client`;
/*!40101 SET @saved_cs_client     = @@character_set_client */;
/*!40101 SET character_set_client = utf8 */;
CREATE TABLE `transport_client` (
  `id` int(11) NOT NULL AUTO_INCREMENT,
  `clt_mail` varchar(75) NOT NULL,
  `clt_pwd` varchar(20) NOT NULL,
  `clt_name` varchar(50) NOT NULL,
  `clt_tel` varchar(30) NOT NULL,
  `clt_company` varchar(50) NOT NULL,
  `clt_position` varchar(30) NOT NULL,
  `clt_industry` varchar(30) NOT NULL,
  `clt_from` varchar(30) NOT NULL,
  `clt_conf_mail` int(11) DEFAULT '0',
  PRIMARY KEY (`id`)
) ENGINE=MyISAM AUTO_INCREMENT=15 DEFAULT CHARSET=utf8;
/*!40101 SET character_set_client = @saved_cs_client */;

--
-- Dumping data for table `transport_client`
--

LOCK TABLES `transport_client` WRITE;
/*!40000 ALTER TABLE `transport_client` DISABLE KEYS */;
INSERT INTO `transport_client` VALUES (4,'test@sina.com','111111','11','13945181460','1','未选择','未选择','未选择',0),(2,'congyuandong@sina.com','111111','丛远东','13136652522','哈尔滨工程大学','首席执行官','化学品和塑料工业','选择风格',1),(5,'congyuandong@163.com','111111','丛远东','13945181460','哈工程','未选择','未选择','未选择',0),(6,'test@163.com','111111','丛远东','13945181460','哈工程','所有者','农业','未选择',0),(11,'303331934@qq.com','123456','丛远东','13945181460','哈工程','董事/总经理','快速消费品','百度搜索引擎',1),(12,'wer4311@sina.com','6263685','孙大圣','18646648001','哈尔滨工程大学','业务操作/专家','电商','电邮广告',1),(13,'445262733@qq.com','tangbin','唐滨','18646373437','哈尔滨工程大学','经理','电商','推荐',1),(14,'scottlcy@126.com','020905','李沧玥','15011117500','北京至诚迅达物流有限公司','所有者','运输/物流','电邮广告',1);
/*!40000 ALTER TABLE `transport_client` ENABLE KEYS */;
UNLOCK TABLES;

--
-- Table structure for table `transport_driver`
--

DROP TABLE IF EXISTS `transport_driver`;
/*!40101 SET @saved_cs_client     = @@character_set_client */;
/*!40101 SET character_set_client = utf8 */;
CREATE TABLE `transport_driver` (
  `id` int(11) NOT NULL AUTO_INCREMENT,
  `dr_name` varchar(50) NOT NULL,
  `dr_iden` varchar(50) NOT NULL,
  `dr_tel` varchar(30) NOT NULL,
  `dr_number` varchar(50) NOT NULL,
  `dr_hand` varchar(50) NOT NULL,
  `dr_type` varchar(50) NOT NULL,
  `dr_length` varchar(50) NOT NULL,
  `dr_weight` varchar(50) NOT NULL,
  `dr_pwd` varchar(20) NOT NULL,
  PRIMARY KEY (`id`)
) ENGINE=MyISAM AUTO_INCREMENT=17 DEFAULT CHARSET=utf8;
/*!40101 SET character_set_client = @saved_cs_client */;

--
-- Dumping data for table `transport_driver`
--

LOCK TABLES `transport_driver` WRITE;
/*!40000 ALTER TABLE `transport_driver` DISABLE KEYS */;
INSERT INTO `transport_driver` VALUES (1,'丛远东3','4','13136652521','苏F123','敌法','拖车','100','100','1234'),(2,'丛远东2','320623199007316992','1','黑A 123456','黑A 123456','拖车','12','12','qwer4321'),(8,'刘启超','3206199007316992','2','黑A12345','EGAFA','火车','12','12','123'),(7,'丛远东1','123','123','123','123','挂车','12','12','123'),(9,'22','22','22','77','77','edu.hrbeu.ice.util.Type@4297c600','77','77','22'),(10,'唐滨','231025198507025213','18646373437','黑ALD368','2846135','平板车','40','77','tangbin'),(12,'孙帷胜','150424199012170017','18646648001','黑a1253','6332','挂车','5','15','zxc'),(13,'唐斌','231025198507025219','13836030532','黑A886ga','254','厢式车','25','14','tangbin'),(14,'回来','155','159','来两斤','855','挂车','5','5','qwe'),(15,'姚佳玮的测试号','222','222','222','222','高栏车','2','2','222'),(16,'scott','130903198311251514','15011117500','88888','55555','挂车','13','30','020905');
/*!40000 ALTER TABLE `transport_driver` ENABLE KEYS */;
UNLOCK TABLES;

--
-- Table structure for table `transport_location`
--

DROP TABLE IF EXISTS `transport_location`;
/*!40101 SET @saved_cs_client     = @@character_set_client */;
/*!40101 SET character_set_client = utf8 */;
CREATE TABLE `transport_location` (
  `id` int(11) NOT NULL AUTO_INCREMENT,
  `lo_order_id` int(11) NOT NULL,
  `lo_driver_id` int(11) NOT NULL,
  `lo_longitude` decimal(15,8) NOT NULL,
  `lo_latitude` decimal(15,8) NOT NULL,
  `lo_location` varchar(500) NOT NULL,
  `lo_update` datetime NOT NULL,
  PRIMARY KEY (`id`),
  KEY `transport_location_96faca15` (`lo_order_id`),
  KEY `transport_location_419dc95a` (`lo_driver_id`)
) ENGINE=MyISAM AUTO_INCREMENT=1419 DEFAULT CHARSET=utf8;
/*!40101 SET character_set_client = @saved_cs_client */;

--
-- Dumping data for table `transport_location`
--

LOCK TABLES `transport_location` WRITE;
/*!40000 ALTER TABLE `transport_location` DISABLE KEYS */;
INSERT INTO `transport_location` VALUES (1,1,7,'126.68988000','45.78097000','黑龙江省哈尔滨市南岗区文庙街','2014-08-26 16:00:00'),(2,1,7,'126.68989000','45.78099400','黑龙江省哈尔滨市南岗区文庙街','2014-08-27 04:00:00'),(3,1,7,'126.68988000','45.78098000','黑龙江省哈尔滨市南岗区文庙街','2014-08-27 11:37:23'),(4,1,7,'126.68975000','45.78074000','黑龙江省哈尔滨市南岗区文庙街','2014-08-27 11:44:15'),(5,2,8,'126.68992000','45.78112000','黑龙江省哈尔滨市南岗区文庙街','2014-08-27 12:03:17'),(6,1,8,'126.68987000','45.78101300','黑龙江省哈尔滨市南岗区文庙街','2014-09-09 06:25:53'),(7,1,8,'126.68987000','45.78101300','黑龙江省哈尔滨市南岗区文庙街','2014-09-09 06:25:54'),(8,1,8,'126.68987000','45.78101300','黑龙江省哈尔滨市南岗区文庙街','2014-09-09 06:25:56'),(9,1,8,'126.68987000','45.78101300','黑龙江省哈尔滨市南岗区文庙街','2014-09-09 06:25:58'),(10,1,8,'126.68987000','45.78101300','黑龙江省哈尔滨市南岗区文庙街','2014-09-09 06:26:00'),(11,1,8,'126.68987000','45.78101300','黑龙江省哈尔滨市南岗区文庙街','2014-09-09 06:26:02'),(12,1,8,'126.68987000','45.78101300','黑龙江省哈尔滨市南岗区文庙街','2014-09-09 06:26:04'),(13,1,8,'126.68987000','45.78101300','黑龙江省哈尔滨市南岗区文庙街','2014-09-09 06:26:06'),(14,1,8,'126.68987000','45.78101300','黑龙江省哈尔滨市南岗区文庙街','2014-09-09 06:26:08'),(15,1,8,'126.68987000','45.78101300','黑龙江省哈尔滨市南岗区文庙街','2014-09-09 06:26:10'),(16,1,8,'126.68987000','45.78101300','黑龙江省哈尔滨市南岗区文庙街','2014-09-09 06:26:12'),(17,1,8,'126.68987000','45.78101300','黑龙江省哈尔滨市南岗区文庙街','2014-09-09 06:26:14'),(18,1,8,'126.68987000','45.78101300','黑龙江省哈尔滨市南岗区文庙街','2014-09-09 06:26:17'),(19,1,8,'126.68987000','45.78101300','黑龙江省哈尔滨市南岗区文庙街','2014-09-09 06:26:19'),(20,1,8,'126.68987000','45.78101300','黑龙江省哈尔滨市南岗区文庙街','2014-09-09 06:26:21'),(21,1,8,'126.68987000','45.78101300','黑龙江省哈尔滨市南岗区文庙街','2014-09-09 06:26:22'),(22,1,8,'126.68987000','45.78101300','黑龙江省哈尔滨市南岗区文庙街','2014-09-09 06:26:24'),(23,1,8,'126.68987000','45.78101300','黑龙江省哈尔滨市南岗区文庙街','2014-09-09 06:26:26'),(24,1,8,'126.68987000','45.78101300','黑龙江省哈尔滨市南岗区文庙街','2014-09-09 06:26:28'),(25,1,8,'126.68987000','45.78101300','黑龙江省哈尔滨市南岗区文庙街','2014-09-09 06:26:30'),(26,1,8,'126.68987000','45.78101300','黑龙江省哈尔滨市南岗区文庙街','2014-09-09 06:26:32'),(27,1,8,'126.68987000','45.78101300','黑龙江省哈尔滨市南岗区文庙街','2014-09-09 06:26:34'),(28,1,8,'126.68987000','45.78101300','黑龙江省哈尔滨市南岗区文庙街','2014-09-09 06:26:36'),(29,1,8,'126.68987000','45.78101300','黑龙江省哈尔滨市南岗区文庙街','2014-09-09 06:26:38'),(30,1,8,'126.68987000','45.78101300','黑龙江省哈尔滨市南岗区文庙街','2014-09-09 06:26:40'),(31,1,8,'126.68987000','45.78101300','黑龙江省哈尔滨市南岗区文庙街','2014-09-09 06:26:42'),(32,1,8,'126.68987000','45.78101300','黑龙江省哈尔滨市南岗区文庙街','2014-09-09 06:26:44'),(33,1,8,'126.68987000','45.78101300','黑龙江省哈尔滨市南岗区文庙街','2014-09-09 06:26:47'),(34,1,8,'126.68987000','45.78101300','黑龙江省哈尔滨市南岗区文庙街','2014-09-09 06:26:48'),(35,1,8,'126.68987000','45.78101300','黑龙江省哈尔滨市南岗区文庙街','2014-09-09 06:26:50'),(36,1,8,'126.68987000','45.78101300','黑龙江省哈尔滨市南岗区文庙街','2014-09-09 06:26:52'),(37,1,8,'126.68987000','45.78101300','黑龙江省哈尔滨市南岗区文庙街','2014-09-09 06:26:54'),(38,1,8,'126.68987000','45.78101300','黑龙江省哈尔滨市南岗区文庙街','2014-09-09 06:26:56'),(39,1,8,'126.68987000','45.78101300','黑龙江省哈尔滨市南岗区文庙街','2014-09-09 06:26:58'),(40,1,8,'126.68987000','45.78101300','黑龙江省哈尔滨市南岗区文庙街','2014-09-09 06:27:00'),(41,1,8,'126.68987000','45.78101300','黑龙江省哈尔滨市南岗区文庙街','2014-09-09 06:27:02'),(42,1,8,'126.68987000','45.78101300','黑龙江省哈尔滨市南岗区文庙街','2014-09-09 06:27:04'),(43,1,8,'126.68987000','45.78101300','黑龙江省哈尔滨市南岗区文庙街','2014-09-09 06:27:06'),(44,1,8,'126.68987000','45.78101300','黑龙江省哈尔滨市南岗区文庙街','2014-09-09 06:27:08'),(45,1,8,'126.68987000','45.78101300','黑龙江省哈尔滨市南岗区文庙街','2014-09-09 06:27:10'),(46,1,8,'126.68987000','45.78101300','黑龙江省哈尔滨市南岗区文庙街','2014-09-09 06:27:12'),(47,1,8,'126.68987000','45.78101300','黑龙江省哈尔滨市南岗区文庙街','2014-09-09 06:27:14'),(48,1,8,'126.68987000','45.78101300','黑龙江省哈尔滨市南岗区文庙街','2014-09-09 06:27:16'),(49,1,8,'126.68987000','45.78101300','黑龙江省哈尔滨市南岗区文庙街','2014-09-09 06:27:19'),(50,1,8,'126.68987000','45.78101300','黑龙江省哈尔滨市南岗区文庙街','2014-09-09 06:27:20'),(51,1,8,'126.68987000','45.78101300','黑龙江省哈尔滨市南岗区文庙街','2014-09-09 06:27:22'),(52,1,8,'126.68987000','45.78101300','黑龙江省哈尔滨市南岗区文庙街','2014-09-09 06:27:24'),(53,1,8,'126.68987000','45.78101300','黑龙江省哈尔滨市南岗区文庙街','2014-09-09 06:27:26'),(54,1,8,'126.68987000','45.78101300','黑龙江省哈尔滨市南岗区文庙街','2014-09-09 06:27:28'),(55,1,8,'126.68987000','45.78101300','黑龙江省哈尔滨市南岗区文庙街','2014-09-09 06:27:31'),(56,1,8,'126.68987000','45.78101300','黑龙江省哈尔滨市南岗区文庙街','2014-09-09 06:27:52'),(57,1,8,'126.68987000','45.78101300','黑龙江省哈尔滨市南岗区文庙街','2014-09-09 06:27:54'),(58,1,8,'126.68987000','45.78101300','黑龙江省哈尔滨市南岗区文庙街','2014-09-09 06:27:56'),(59,1,8,'126.68987000','45.78101300','黑龙江省哈尔滨市南岗区文庙街','2014-09-09 06:27:58'),(60,1,8,'126.68987000','45.78101300','黑龙江省哈尔滨市南岗区文庙街','2014-09-09 06:28:00'),(61,1,8,'126.68987000','45.78101300','黑龙江省哈尔滨市南岗区文庙街','2014-09-09 06:28:02'),(62,1,8,'126.68987000','45.78101300','黑龙江省哈尔滨市南岗区文庙街','2014-09-09 06:28:04'),(63,1,8,'126.68987000','45.78101300','黑龙江省哈尔滨市南岗区文庙街','2014-09-09 06:28:06'),(64,1,8,'126.68987000','45.78101300','黑龙江省哈尔滨市南岗区文庙街','2014-09-09 06:28:08'),(65,1,8,'126.68987000','45.78101300','黑龙江省哈尔滨市南岗区文庙街','2014-09-09 06:28:11'),(66,1,8,'126.68987000','45.78101300','黑龙江省哈尔滨市南岗区文庙街','2014-09-09 06:28:12'),(67,1,8,'126.68987000','45.78101300','黑龙江省哈尔滨市南岗区文庙街','2014-09-09 06:28:14'),(68,1,8,'126.68987000','45.78101300','黑龙江省哈尔滨市南岗区文庙街','2014-09-09 06:28:17'),(69,1,8,'126.68987000','45.78101300','黑龙江省哈尔滨市南岗区文庙街','2014-09-09 06:28:18'),(70,1,8,'126.68987000','45.78101300','黑龙江省哈尔滨市南岗区文庙街','2014-09-09 06:28:20'),(71,1,8,'126.68987000','45.78101300','黑龙江省哈尔滨市南岗区文庙街','2014-09-09 06:28:22'),(72,1,8,'126.68987000','45.78101300','黑龙江省哈尔滨市南岗区文庙街','2014-09-09 06:28:24'),(73,1,8,'126.68987000','45.78101300','黑龙江省哈尔滨市南岗区文庙街','2014-09-09 06:28:26'),(74,1,8,'126.68987000','45.78101300','黑龙江省哈尔滨市南岗区文庙街','2014-09-09 06:28:28'),(75,1,8,'126.68987000','45.78101300','黑龙江省哈尔滨市南岗区文庙街','2014-09-09 06:28:30'),(76,1,8,'126.68987000','45.78101300','黑龙江省哈尔滨市南岗区文庙街','2014-09-09 06:28:33'),(77,1,8,'126.68987000','45.78101300','黑龙江省哈尔滨市南岗区文庙街','2014-09-09 06:28:34'),(78,1,8,'126.68987000','45.78101300','黑龙江省哈尔滨市南岗区文庙街','2014-09-09 06:28:36'),(79,1,8,'126.68987000','45.78101300','黑龙江省哈尔滨市南岗区文庙街','2014-09-09 06:28:38'),(80,1,8,'126.68987000','45.78101300','黑龙江省哈尔滨市南岗区文庙街','2014-09-09 06:28:40'),(81,1,8,'126.68987000','45.78101300','黑龙江省哈尔滨市南岗区文庙街','2014-09-09 06:28:42'),(82,1,8,'126.68987000','45.78101300','黑龙江省哈尔滨市南岗区文庙街','2014-09-09 06:28:44'),(83,1,8,'126.68987000','45.78101300','黑龙江省哈尔滨市南岗区文庙街','2014-09-09 06:28:46'),(84,1,8,'126.68987000','45.78101300','黑龙江省哈尔滨市南岗区文庙街','2014-09-09 06:28:48'),(85,1,8,'126.68987000','45.78101300','黑龙江省哈尔滨市南岗区文庙街','2014-09-09 06:28:50'),(86,1,8,'126.68987000','45.78101300','黑龙江省哈尔滨市南岗区文庙街','2014-09-09 06:28:52'),(87,1,8,'126.68987000','45.78101300','黑龙江省哈尔滨市南岗区文庙街','2014-09-09 06:28:55'),(88,1,8,'126.68987000','45.78101300','黑龙江省哈尔滨市南岗区文庙街','2014-09-09 06:28:56'),(89,1,8,'126.68987000','45.78101300','黑龙江省哈尔滨市南岗区文庙街','2014-09-09 06:28:58'),(90,1,8,'126.68987000','45.78101300','黑龙江省哈尔滨市南岗区文庙街','2014-09-09 06:29:00'),(91,1,8,'126.68987000','45.78101300','黑龙江省哈尔滨市南岗区文庙街','2014-09-09 06:29:02'),(92,1,8,'126.68987000','45.78101300','黑龙江省哈尔滨市南岗区文庙街','2014-09-09 06:29:04'),(93,1,8,'126.68987000','45.78101300','黑龙江省哈尔滨市南岗区文庙街','2014-09-09 06:29:06'),(94,1,8,'126.68987000','45.78101300','黑龙江省哈尔滨市南岗区文庙街','2014-09-09 06:29:08'),(95,1,8,'126.68987000','45.78101300','黑龙江省哈尔滨市南岗区文庙街','2014-09-09 06:29:10'),(96,1,8,'126.68987000','45.78101300','黑龙江省哈尔滨市南岗区文庙街','2014-09-09 06:29:12'),(97,1,8,'126.68987000','45.78101300','黑龙江省哈尔滨市南岗区文庙街','2014-09-09 06:29:14'),(98,9,10,'126.68983000','45.78112000','null','2014-09-10 13:38:10'),(99,9,10,'126.68983000','45.78112000','null','2014-09-10 13:38:12'),(100,9,10,'126.68983000','45.78112000','null','2014-09-10 13:38:14'),(101,9,10,'126.68983000','45.78112000','null','2014-09-10 13:38:16'),(102,9,10,'126.68983000','45.78112800','null','2014-09-10 13:38:18'),(103,9,10,'126.68983000','45.78112800','null','2014-09-10 13:38:20'),(104,9,10,'126.68983000','45.78112800','null','2014-09-10 13:38:22'),(105,9,10,'126.68983000','45.78112800','null','2014-09-10 13:38:24'),(106,9,10,'126.68983000','45.78112800','null','2014-09-10 13:38:26'),(107,9,10,'126.68983000','45.78112800','null','2014-09-10 13:38:28'),(108,9,10,'126.68983000','45.78112800','null','2014-09-10 13:38:48'),(109,9,10,'126.68983000','45.78112800','null','2014-09-10 13:38:50'),(110,9,10,'126.68983000','45.78112800','null','2014-09-10 13:38:52'),(111,9,10,'126.68983000','45.78112800','null','2014-09-10 13:38:54'),(112,9,10,'126.68983000','45.78112800','null','2014-09-10 13:38:56'),(113,9,10,'126.68983000','45.78112800','null','2014-09-10 13:38:58'),(114,9,10,'126.68983000','45.78112800','null','2014-09-10 13:39:00'),(115,9,10,'126.68983000','45.78112800','null','2014-09-10 13:39:02'),(116,9,10,'126.68983000','45.78112800','null','2014-09-10 13:39:04'),(117,9,10,'126.68983000','45.78112800','null','2014-09-10 13:39:06'),(118,6,7,'0.00000000','0.00000000','null','2014-09-10 16:19:47'),(119,6,7,'0.00000000','0.00000000','null','2014-09-10 16:19:49'),(120,6,7,'0.00000000','0.00000000','null','2014-09-10 16:19:50'),(121,6,7,'0.00000000','0.00000000','null','2014-09-10 16:19:54'),(122,6,7,'0.00000000','0.00000000','null','2014-09-10 16:19:56'),(123,6,7,'0.00000000','0.00000000','null','2014-09-10 16:19:57'),(124,6,7,'126.68980400','45.78100000','黑龙江省哈尔滨市南岗区文庙街','2014-09-10 17:23:48'),(125,6,7,'126.68980400','45.78100000','黑龙江省哈尔滨市南岗区文庙街','2014-09-10 17:23:50'),(126,6,7,'126.68980400','45.78100000','黑龙江省哈尔滨市南岗区文庙街','2014-09-10 17:23:52'),(127,6,7,'126.68980400','45.78100000','黑龙江省哈尔滨市南岗区文庙街','2014-09-10 17:23:54'),(128,6,7,'126.68980400','45.78100000','黑龙江省哈尔滨市南岗区文庙街','2014-09-10 17:23:56'),(129,6,7,'126.68980400','45.78100000','黑龙江省哈尔滨市南岗区文庙街','2014-09-10 17:23:58'),(130,6,7,'126.68980400','45.78100000','黑龙江省哈尔滨市南岗区文庙街','2014-09-10 17:24:00'),(131,6,7,'126.68980400','45.78100000','黑龙江省哈尔滨市南岗区文庙街','2014-09-10 17:24:02'),(132,6,7,'126.68980400','45.78100000','黑龙江省哈尔滨市南岗区文庙街','2014-09-10 17:24:04'),(133,6,7,'126.68980400','45.78100000','黑龙江省哈尔滨市南岗区文庙街','2014-09-10 17:24:06'),(134,6,7,'126.68980400','45.78100000','黑龙江省哈尔滨市南岗区文庙街','2014-09-10 17:24:08'),(135,6,7,'126.68980400','45.78100000','黑龙江省哈尔滨市南岗区文庙街','2014-09-10 17:24:10'),(136,6,7,'126.68980400','45.78100000','黑龙江省哈尔滨市南岗区文庙街','2014-09-10 17:24:12'),(137,6,7,'126.68980400','45.78100000','黑龙江省哈尔滨市南岗区文庙街','2014-09-10 17:24:14'),(138,6,7,'126.68980400','45.78100000','黑龙江省哈尔滨市南岗区文庙街','2014-09-10 17:24:16'),(139,6,7,'126.68980400','45.78100000','黑龙江省哈尔滨市南岗区文庙街','2014-09-10 17:24:18'),(140,6,7,'126.68980400','45.78100000','黑龙江省哈尔滨市南岗区文庙街','2014-09-10 17:24:20'),(141,6,7,'126.68980400','45.78100000','黑龙江省哈尔滨市南岗区文庙街','2014-09-10 17:24:22'),(142,6,7,'126.68980400','45.78100000','黑龙江省哈尔滨市南岗区文庙街','2014-09-10 17:24:24'),(143,6,7,'126.68980400','45.78100000','黑龙江省哈尔滨市南岗区文庙街','2014-09-10 17:24:26'),(144,6,7,'126.68980400','45.78100000','黑龙江省哈尔滨市南岗区文庙街','2014-09-10 17:24:28'),(145,6,7,'126.68980400','45.78100000','黑龙江省哈尔滨市南岗区文庙街','2014-09-10 17:24:30'),(146,6,7,'126.68980400','45.78100000','黑龙江省哈尔滨市南岗区文庙街','2014-09-10 17:24:32'),(147,6,7,'126.68980400','45.78100000','黑龙江省哈尔滨市南岗区文庙街','2014-09-10 17:24:34'),(148,6,7,'126.68980400','45.78100000','黑龙江省哈尔滨市南岗区文庙街','2014-09-10 17:24:36'),(149,15,7,'126.68980400','45.78098300','黑龙江省哈尔滨市南岗区文庙街','2014-09-10 17:29:55'),(150,15,7,'126.68980400','45.78098300','黑龙江省哈尔滨市南岗区文庙街','2014-09-10 17:29:57'),(151,15,7,'126.68980400','45.78098300','黑龙江省哈尔滨市南岗区文庙街','2014-09-10 17:29:59'),(152,15,7,'126.68980400','45.78098300','黑龙江省哈尔滨市南岗区文庙街','2014-09-10 17:30:01'),(153,15,7,'126.68980400','45.78098300','黑龙江省哈尔滨市南岗区文庙街','2014-09-10 17:30:03'),(154,15,7,'126.68980400','45.78098300','黑龙江省哈尔滨市南岗区文庙街','2014-09-10 17:30:05'),(155,15,7,'126.68980400','45.78098300','黑龙江省哈尔滨市南岗区文庙街','2014-09-10 17:30:07'),(156,15,7,'126.68980400','45.78098300','黑龙江省哈尔滨市南岗区文庙街','2014-09-10 17:30:09'),(157,15,7,'126.68980400','45.78098300','黑龙江省哈尔滨市南岗区文庙街','2014-09-10 17:30:11'),(158,15,7,'126.68980400','45.78098300','黑龙江省哈尔滨市南岗区文庙街','2014-09-10 17:30:13'),(159,15,7,'126.68980400','45.78098300','黑龙江省哈尔滨市南岗区文庙街','2014-09-10 17:30:15'),(160,15,7,'126.68980400','45.78098300','黑龙江省哈尔滨市南岗区文庙街','2014-09-10 17:30:17'),(161,15,7,'126.68980400','45.78098300','黑龙江省哈尔滨市南岗区文庙街','2014-09-10 17:30:19'),(162,15,7,'126.68980400','45.78098300','黑龙江省哈尔滨市南岗区文庙街','2014-09-10 17:30:21'),(163,15,7,'126.68980400','45.78098300','黑龙江省哈尔滨市南岗区文庙街','2014-09-10 17:30:23'),(164,15,7,'126.68980400','45.78098300','黑龙江省哈尔滨市南岗区文庙街','2014-09-10 17:30:25'),(165,15,7,'126.68980400','45.78098300','黑龙江省哈尔滨市南岗区文庙街','2014-09-10 17:30:27'),(166,15,7,'126.68980400','45.78098300','黑龙江省哈尔滨市南岗区文庙街','2014-09-10 17:30:29'),(167,15,7,'126.68980400','45.78098300','黑龙江省哈尔滨市南岗区文庙街','2014-09-10 17:30:31'),(168,15,7,'126.68980400','45.78098300','黑龙江省哈尔滨市南岗区文庙街','2014-09-10 17:30:33'),(169,15,7,'126.68980400','45.78098300','黑龙江省哈尔滨市南岗区文庙街','2014-09-10 17:30:35'),(170,15,7,'126.68980400','45.78098300','黑龙江省哈尔滨市南岗区文庙街','2014-09-10 17:30:37'),(171,15,7,'126.68980400','45.78098300','黑龙江省哈尔滨市南岗区文庙街','2014-09-10 17:30:39'),(172,15,7,'126.68980400','45.78098300','黑龙江省哈尔滨市南岗区文庙街','2014-09-10 17:30:41'),(173,15,7,'126.68980400','45.78098300','黑龙江省哈尔滨市南岗区文庙街','2014-09-10 17:30:43'),(174,15,7,'126.68980400','45.78098300','黑龙江省哈尔滨市南岗区文庙街','2014-09-10 17:30:45'),(175,15,7,'126.68980400','45.78098300','黑龙江省哈尔滨市南岗区文庙街','2014-09-10 17:30:47'),(176,15,7,'126.68980400','45.78098300','黑龙江省哈尔滨市南岗区文庙街','2014-09-10 17:30:49'),(177,15,7,'126.68980400','45.78098300','黑龙江省哈尔滨市南岗区文庙街','2014-09-10 17:30:51'),(178,15,7,'126.68980400','45.78098300','黑龙江省哈尔滨市南岗区文庙街','2014-09-10 17:30:53'),(179,15,7,'126.68980400','45.78098300','黑龙江省哈尔滨市南岗区文庙街','2014-09-10 17:30:55'),(180,15,7,'126.68980400','45.78098300','黑龙江省哈尔滨市南岗区文庙街','2014-09-10 17:30:57'),(181,15,7,'126.68980400','45.78098300','黑龙江省哈尔滨市南岗区文庙街','2014-09-10 17:30:59'),(182,15,7,'126.68980400','45.78098300','黑龙江省哈尔滨市南岗区文庙街','2014-09-10 17:31:01'),(183,15,7,'126.68980400','45.78098300','黑龙江省哈尔滨市南岗区文庙街','2014-09-10 17:31:03'),(184,15,7,'126.68980400','45.78098300','黑龙江省哈尔滨市南岗区文庙街','2014-09-10 17:31:05'),(185,15,7,'126.68980400','45.78098300','黑龙江省哈尔滨市南岗区文庙街','2014-09-10 17:31:07'),(186,15,7,'126.68980400','45.78098300','黑龙江省哈尔滨市南岗区文庙街','2014-09-10 17:31:09'),(187,15,7,'126.68980400','45.78098300','黑龙江省哈尔滨市南岗区文庙街','2014-09-10 17:31:11'),(188,15,7,'126.68980400','45.78098300','黑龙江省哈尔滨市南岗区文庙街','2014-09-10 17:31:13'),(189,15,7,'126.68980400','45.78098300','黑龙江省哈尔滨市南岗区文庙街','2014-09-10 17:31:15'),(190,15,7,'126.68980400','45.78098300','黑龙江省哈尔滨市南岗区文庙街','2014-09-10 17:31:18'),(191,15,7,'126.68980400','45.78098300','黑龙江省哈尔滨市南岗区文庙街','2014-09-10 17:31:19'),(192,15,7,'126.68980400','45.78098300','黑龙江省哈尔滨市南岗区文庙街','2014-09-10 17:31:22'),(193,15,7,'126.68980400','45.78098300','黑龙江省哈尔滨市南岗区文庙街','2014-09-10 17:31:24'),(194,15,7,'126.68980400','45.78098300','黑龙江省哈尔滨市南岗区文庙街','2014-09-10 17:31:26'),(195,15,7,'126.68980400','45.78098300','黑龙江省哈尔滨市南岗区文庙街','2014-09-10 17:31:28'),(196,15,7,'126.68980400','45.78098300','黑龙江省哈尔滨市南岗区文庙街','2014-09-10 17:31:30'),(197,15,7,'126.68980400','45.78098300','黑龙江省哈尔滨市南岗区文庙街','2014-09-10 17:31:32'),(198,15,7,'126.68980400','45.78098300','黑龙江省哈尔滨市南岗区文庙街','2014-09-10 17:31:33'),(199,15,7,'126.68980400','45.78098300','黑龙江省哈尔滨市南岗区文庙街','2014-09-10 17:31:36'),(200,15,7,'126.68980400','45.78098300','黑龙江省哈尔滨市南岗区文庙街','2014-09-10 17:31:37'),(201,15,7,'126.68980400','45.78098300','黑龙江省哈尔滨市南岗区文庙街','2014-09-10 17:31:39'),(202,15,7,'126.68980400','45.78098300','黑龙江省哈尔滨市南岗区文庙街','2014-09-10 17:31:41'),(203,15,7,'126.68980400','45.78100600','黑龙江省哈尔滨市南岗区文庙街','2014-09-10 17:35:07'),(204,15,7,'126.68980400','45.78100600','黑龙江省哈尔滨市南岗区文庙街','2014-09-10 17:35:08'),(205,15,7,'126.68980400','45.78100600','黑龙江省哈尔滨市南岗区文庙街','2014-09-10 17:35:11'),(206,15,7,'126.68980400','45.78100600','黑龙江省哈尔滨市南岗区文庙街','2014-09-10 17:35:12'),(207,15,7,'126.68980400','45.78100600','黑龙江省哈尔滨市南岗区文庙街','2014-09-10 17:35:14'),(208,15,7,'126.68980400','45.78100600','黑龙江省哈尔滨市南岗区文庙街','2014-09-10 17:35:16'),(209,15,7,'126.68980400','45.78100600','黑龙江省哈尔滨市南岗区文庙街','2014-09-10 17:35:18'),(210,15,7,'126.68980400','45.78100600','黑龙江省哈尔滨市南岗区文庙街','2014-09-10 17:35:20'),(211,15,7,'126.68980400','45.78100600','黑龙江省哈尔滨市南岗区文庙街','2014-09-10 17:35:22'),(212,15,7,'126.68980400','45.78100600','黑龙江省哈尔滨市南岗区文庙街','2014-09-10 17:35:24'),(213,15,7,'126.68980400','45.78100600','黑龙江省哈尔滨市南岗区文庙街','2014-09-10 17:35:26'),(214,15,7,'126.68980400','45.78100600','黑龙江省哈尔滨市南岗区文庙街','2014-09-10 17:35:28'),(215,15,7,'126.68980400','45.78100600','黑龙江省哈尔滨市南岗区文庙街','2014-09-10 17:35:30'),(216,15,7,'126.68980400','45.78100600','黑龙江省哈尔滨市南岗区文庙街','2014-09-10 17:35:32'),(217,15,7,'126.68980400','45.78100600','黑龙江省哈尔滨市南岗区文庙街','2014-09-10 17:35:35'),(218,15,7,'126.68980400','45.78100600','黑龙江省哈尔滨市南岗区文庙街','2014-09-10 17:35:36'),(219,15,7,'126.68980400','45.78100600','黑龙江省哈尔滨市南岗区文庙街','2014-09-10 17:35:39'),(220,15,7,'126.68980400','45.78100600','黑龙江省哈尔滨市南岗区文庙街','2014-09-10 17:35:41'),(221,15,7,'126.68980400','45.78100600','黑龙江省哈尔滨市南岗区文庙街','2014-09-10 17:35:43'),(222,15,7,'126.68980400','45.78100600','黑龙江省哈尔滨市南岗区文庙街','2014-09-10 17:35:45'),(223,15,7,'126.68980400','45.78100600','黑龙江省哈尔滨市南岗区文庙街','2014-09-10 17:35:47'),(224,15,7,'126.68980400','45.78100600','黑龙江省哈尔滨市南岗区文庙街','2014-09-10 17:35:49'),(225,15,7,'126.68980400','45.78100600','黑龙江省哈尔滨市南岗区文庙街','2014-09-10 17:35:51'),(226,15,7,'126.68980400','45.78100600','黑龙江省哈尔滨市南岗区文庙街','2014-09-10 17:35:53'),(227,20,7,'126.68980000','45.78098300','黑龙江省哈尔滨市南岗区文庙街','2014-09-10 19:36:05'),(228,20,7,'126.68980000','45.78098300','黑龙江省哈尔滨市南岗区文庙街','2014-09-10 19:36:07'),(229,20,7,'126.68980000','45.78098300','黑龙江省哈尔滨市南岗区文庙街','2014-09-10 19:36:09'),(230,20,7,'126.68980000','45.78098300','黑龙江省哈尔滨市南岗区文庙街','2014-09-10 19:36:11'),(231,20,7,'126.68980000','45.78098300','黑龙江省哈尔滨市南岗区文庙街','2014-09-10 19:36:13'),(232,20,7,'126.68980000','45.78098300','黑龙江省哈尔滨市南岗区文庙街','2014-09-10 19:36:15'),(233,20,7,'126.68980000','45.78098300','黑龙江省哈尔滨市南岗区文庙街','2014-09-10 19:36:17'),(234,20,7,'126.68980000','45.78098300','黑龙江省哈尔滨市南岗区文庙街','2014-09-10 19:36:19'),(235,20,7,'126.68980000','45.78098300','黑龙江省哈尔滨市南岗区文庙街','2014-09-10 19:36:21'),(236,21,10,'126.68978000','45.78093700','黑龙江省哈尔滨市南岗区文庙街','2014-09-10 20:08:08'),(237,21,10,'126.68978000','45.78093700','黑龙江省哈尔滨市南岗区文庙街','2014-09-10 20:08:10'),(238,21,10,'126.68978000','45.78093700','黑龙江省哈尔滨市南岗区文庙街','2014-09-10 20:08:12'),(239,21,10,'126.68978000','45.78093700','黑龙江省哈尔滨市南岗区文庙街','2014-09-10 20:08:14'),(240,21,10,'126.68978000','45.78093700','黑龙江省哈尔滨市南岗区文庙街','2014-09-10 20:08:16'),(241,21,10,'126.68978000','45.78093700','黑龙江省哈尔滨市南岗区文庙街','2014-09-10 20:08:18'),(242,21,10,'126.68978000','45.78093700','黑龙江省哈尔滨市南岗区文庙街','2014-09-10 20:08:20'),(243,21,10,'126.68978000','45.78093700','黑龙江省哈尔滨市南岗区文庙街','2014-09-10 20:08:22'),(244,21,10,'126.68978000','45.78093700','黑龙江省哈尔滨市南岗区文庙街','2014-09-10 20:08:24'),(245,21,10,'126.68978000','45.78093700','黑龙江省哈尔滨市南岗区文庙街','2014-09-10 20:08:26'),(246,21,10,'126.68978000','45.78093700','黑龙江省哈尔滨市南岗区文庙街','2014-09-10 20:08:28'),(247,21,10,'126.68978000','45.78093700','黑龙江省哈尔滨市南岗区文庙街','2014-09-10 20:08:30'),(248,21,10,'126.68978000','45.78093700','黑龙江省哈尔滨市南岗区文庙街','2014-09-10 20:08:32'),(249,21,10,'126.68978000','45.78093700','黑龙江省哈尔滨市南岗区文庙街','2014-09-10 20:08:34'),(250,21,10,'126.68978000','45.78093700','黑龙江省哈尔滨市南岗区文庙街','2014-09-10 20:08:36'),(251,21,10,'126.68978000','45.78093700','黑龙江省哈尔滨市南岗区文庙街','2014-09-10 20:08:38'),(252,21,10,'126.68978000','45.78093700','黑龙江省哈尔滨市南岗区文庙街','2014-09-10 20:08:40'),(253,21,10,'126.68978000','45.78093700','黑龙江省哈尔滨市南岗区文庙街','2014-09-10 20:08:42'),(254,21,10,'126.68978000','45.78093700','黑龙江省哈尔滨市南岗区文庙街','2014-09-10 20:08:44'),(255,21,10,'126.68978000','45.78093700','黑龙江省哈尔滨市南岗区文庙街','2014-09-10 20:08:46'),(256,21,10,'126.68978000','45.78093700','黑龙江省哈尔滨市南岗区文庙街','2014-09-10 20:08:48'),(257,21,10,'126.68978000','45.78093700','黑龙江省哈尔滨市南岗区文庙街','2014-09-10 20:08:50'),(258,21,10,'126.68978000','45.78093700','黑龙江省哈尔滨市南岗区文庙街','2014-09-10 20:08:52'),(259,21,10,'126.68978000','45.78093700','黑龙江省哈尔滨市南岗区文庙街','2014-09-10 20:08:54'),(260,21,10,'126.68978000','45.78093700','黑龙江省哈尔滨市南岗区文庙街','2014-09-10 20:08:56'),(261,21,10,'126.68978000','45.78093700','黑龙江省哈尔滨市南岗区文庙街','2014-09-10 20:08:58'),(262,21,10,'126.68978000','45.78093700','黑龙江省哈尔滨市南岗区文庙街','2014-09-10 20:09:00'),(263,21,10,'126.68978000','45.78093700','黑龙江省哈尔滨市南岗区文庙街','2014-09-10 20:09:02'),(264,21,10,'126.68978000','45.78093700','黑龙江省哈尔滨市南岗区文庙街','2014-09-10 20:09:04'),(265,21,10,'126.68978000','45.78093700','黑龙江省哈尔滨市南岗区文庙街','2014-09-10 20:09:06'),(266,21,10,'126.68978000','45.78093700','黑龙江省哈尔滨市南岗区文庙街','2014-09-10 20:09:08'),(267,21,10,'126.68978000','45.78093700','黑龙江省哈尔滨市南岗区文庙街','2014-09-10 20:09:10'),(268,21,10,'126.68978000','45.78093700','黑龙江省哈尔滨市南岗区文庙街','2014-09-10 20:09:12'),(269,21,10,'126.68978000','45.78093700','黑龙江省哈尔滨市南岗区文庙街','2014-09-10 20:09:14'),(270,21,10,'126.68992000','45.78114000','null','2014-09-10 20:09:16'),(271,21,10,'126.68992000','45.78114000','null','2014-09-10 20:09:18'),(272,21,10,'126.68992000','45.78114000','null','2014-09-10 20:09:21'),(273,21,10,'126.68992000','45.78114000','null','2014-09-10 20:09:22'),(274,21,10,'126.68992000','45.78114000','null','2014-09-10 20:09:24'),(275,21,10,'126.68992000','45.78114000','null','2014-09-10 20:09:26'),(276,21,10,'126.68978000','45.78093700','黑龙江省哈尔滨市南岗区文庙街','2014-09-10 20:09:28'),(277,21,10,'126.68978000','45.78093700','黑龙江省哈尔滨市南岗区文庙街','2014-09-10 20:09:30'),(278,21,10,'126.68978000','45.78093700','黑龙江省哈尔滨市南岗区文庙街','2014-09-10 20:09:32'),(279,21,10,'126.68978000','45.78093700','黑龙江省哈尔滨市南岗区文庙街','2014-09-10 20:09:34'),(280,21,10,'126.68978000','45.78093700','黑龙江省哈尔滨市南岗区文庙街','2014-09-10 20:09:36'),(281,21,10,'126.68978000','45.78093700','黑龙江省哈尔滨市南岗区文庙街','2014-09-10 20:09:38'),(282,21,10,'126.68978000','45.78093700','黑龙江省哈尔滨市南岗区文庙街','2014-09-10 20:09:40'),(283,21,10,'126.68978000','45.78093700','黑龙江省哈尔滨市南岗区文庙街','2014-09-10 20:09:42'),(284,21,10,'126.68978000','45.78093700','黑龙江省哈尔滨市南岗区文庙街','2014-09-10 20:09:44'),(285,21,10,'126.68978000','45.78093700','黑龙江省哈尔滨市南岗区文庙街','2014-09-10 20:09:46'),(286,21,10,'126.68978000','45.78093700','黑龙江省哈尔滨市南岗区文庙街','2014-09-10 20:09:48'),(287,21,10,'126.68978000','45.78093700','黑龙江省哈尔滨市南岗区文庙街','2014-09-10 20:09:50'),(288,21,10,'126.68978000','45.78093700','黑龙江省哈尔滨市南岗区文庙街','2014-09-10 20:09:52'),(289,21,10,'126.68978000','45.78093700','黑龙江省哈尔滨市南岗区文庙街','2014-09-10 20:09:54'),(290,21,10,'126.68978000','45.78093700','黑龙江省哈尔滨市南岗区文庙街','2014-09-10 20:09:56'),(291,21,10,'126.68978000','45.78093700','黑龙江省哈尔滨市南岗区文庙街','2014-09-10 20:09:58'),(292,22,10,'126.68978000','45.78094500','黑龙江省哈尔滨市南岗区文庙街','2014-09-10 20:22:30'),(293,22,10,'126.68978000','45.78094500','黑龙江省哈尔滨市南岗区文庙街','2014-09-10 20:22:32'),(294,22,10,'126.68978000','45.78094500','黑龙江省哈尔滨市南岗区文庙街','2014-09-10 20:22:34'),(295,22,10,'126.68978000','45.78094500','黑龙江省哈尔滨市南岗区文庙街','2014-09-10 20:22:36'),(296,22,10,'126.68978000','45.78094500','黑龙江省哈尔滨市南岗区文庙街','2014-09-10 20:22:38'),(297,22,10,'126.68978000','45.78094500','黑龙江省哈尔滨市南岗区文庙街','2014-09-10 20:22:40'),(298,22,10,'126.68978000','45.78094500','黑龙江省哈尔滨市南岗区文庙街','2014-09-10 20:22:42'),(299,22,10,'126.68978000','45.78094500','黑龙江省哈尔滨市南岗区文庙街','2014-09-10 20:22:44'),(300,22,10,'126.68978000','45.78094500','黑龙江省哈尔滨市南岗区文庙街','2014-09-10 20:22:46'),(301,22,10,'126.68978000','45.78094500','黑龙江省哈尔滨市南岗区文庙街','2014-09-10 20:22:47'),(302,22,10,'126.68978000','45.78094500','黑龙江省哈尔滨市南岗区文庙街','2014-09-10 20:22:50'),(303,22,10,'126.68978000','45.78094500','黑龙江省哈尔滨市南岗区文庙街','2014-09-10 20:22:51'),(304,22,10,'126.68978000','45.78094500','黑龙江省哈尔滨市南岗区文庙街','2014-09-10 20:22:53'),(305,22,10,'126.68978000','45.78094500','黑龙江省哈尔滨市南岗区文庙街','2014-09-10 20:22:56'),(306,22,10,'126.68978000','45.78094500','黑龙江省哈尔滨市南岗区文庙街','2014-09-10 20:22:58'),(307,22,10,'126.68978000','45.78094500','黑龙江省哈尔滨市南岗区文庙街','2014-09-10 20:23:00'),(308,22,10,'126.68978000','45.78094500','黑龙江省哈尔滨市南岗区文庙街','2014-09-10 20:23:02'),(309,22,10,'126.68978000','45.78094500','黑龙江省哈尔滨市南岗区文庙街','2014-09-10 20:23:04'),(310,22,10,'126.68978000','45.78094500','黑龙江省哈尔滨市南岗区文庙街','2014-09-10 20:23:06'),(311,22,10,'126.68978000','45.78094500','黑龙江省哈尔滨市南岗区文庙街','2014-09-10 20:23:08'),(312,22,10,'126.68978000','45.78094500','黑龙江省哈尔滨市南岗区文庙街','2014-09-10 20:23:10'),(313,22,10,'126.68978000','45.78094500','黑龙江省哈尔滨市南岗区文庙街','2014-09-10 20:23:12'),(314,22,10,'126.68978000','45.78094500','黑龙江省哈尔滨市南岗区文庙街','2014-09-10 20:23:14'),(315,22,10,'126.68978000','45.78094500','黑龙江省哈尔滨市南岗区文庙街','2014-09-10 20:23:16'),(316,22,10,'126.68978000','45.78094500','黑龙江省哈尔滨市南岗区文庙街','2014-09-10 20:23:18'),(317,22,10,'126.68978000','45.78094500','黑龙江省哈尔滨市南岗区文庙街','2014-09-10 20:23:20'),(318,22,10,'126.68978000','45.78094500','黑龙江省哈尔滨市南岗区文庙街','2014-09-10 20:23:22'),(319,22,10,'126.68978000','45.78094500','黑龙江省哈尔滨市南岗区文庙街','2014-09-10 20:23:24'),(320,22,10,'126.68978000','45.78094500','黑龙江省哈尔滨市南岗区文庙街','2014-09-10 20:23:26'),(321,22,10,'126.68978000','45.78094500','黑龙江省哈尔滨市南岗区文庙街','2014-09-10 20:23:28'),(322,22,10,'126.68978000','45.78094500','黑龙江省哈尔滨市南岗区文庙街','2014-09-10 20:23:30'),(323,22,10,'126.68978000','45.78094500','黑龙江省哈尔滨市南岗区文庙街','2014-09-10 20:23:32'),(324,22,10,'126.68978000','45.78094500','黑龙江省哈尔滨市南岗区文庙街','2014-09-10 20:23:34'),(325,22,10,'126.68978000','45.78094500','黑龙江省哈尔滨市南岗区文庙街','2014-09-10 20:23:36'),(326,22,10,'126.68978000','45.78094500','黑龙江省哈尔滨市南岗区文庙街','2014-09-10 20:23:38'),(327,22,10,'126.68978000','45.78094500','黑龙江省哈尔滨市南岗区文庙街','2014-09-10 20:23:40'),(328,22,10,'126.68978000','45.78094500','黑龙江省哈尔滨市南岗区文庙街','2014-09-10 20:23:42'),(329,22,10,'126.68978000','45.78094500','黑龙江省哈尔滨市南岗区文庙街','2014-09-10 20:23:43'),(330,22,10,'126.68978000','45.78094500','黑龙江省哈尔滨市南岗区文庙街','2014-09-10 20:23:46'),(331,22,10,'126.68978000','45.78094500','黑龙江省哈尔滨市南岗区文庙街','2014-09-10 20:23:48'),(332,22,10,'126.68978000','45.78094500','黑龙江省哈尔滨市南岗区文庙街','2014-09-10 20:23:50'),(333,22,10,'126.68978000','45.78094500','黑龙江省哈尔滨市南岗区文庙街','2014-09-10 20:23:52'),(334,22,10,'126.68978000','45.78094500','黑龙江省哈尔滨市南岗区文庙街','2014-09-10 20:23:54'),(335,22,10,'126.68970000','45.78092600','黑龙江省哈尔滨市南岗区文庙街','2014-09-10 20:23:56'),(336,22,10,'126.68970000','45.78092600','黑龙江省哈尔滨市南岗区文庙街','2014-09-10 20:23:58'),(337,22,10,'126.68970000','45.78092600','黑龙江省哈尔滨市南岗区文庙街','2014-09-10 20:24:00'),(338,22,10,'126.68970000','45.78092600','黑龙江省哈尔滨市南岗区文庙街','2014-09-10 20:24:02'),(339,22,10,'126.68970000','45.78092600','黑龙江省哈尔滨市南岗区文庙街','2014-09-10 20:24:04'),(340,22,10,'126.68970000','45.78092600','黑龙江省哈尔滨市南岗区文庙街','2014-09-10 20:24:06'),(341,22,10,'126.68975000','45.78097500','黑龙江省哈尔滨市南岗区文庙街','2014-09-10 20:24:08'),(342,22,10,'126.68975000','45.78097500','黑龙江省哈尔滨市南岗区文庙街','2014-09-10 20:24:10'),(343,22,10,'126.68975000','45.78097500','黑龙江省哈尔滨市南岗区文庙街','2014-09-10 20:24:12'),(344,22,10,'126.68975000','45.78097500','黑龙江省哈尔滨市南岗区文庙街','2014-09-10 20:24:14'),(345,22,10,'126.68975000','45.78097500','黑龙江省哈尔滨市南岗区文庙街','2014-09-10 20:24:16'),(346,22,10,'126.68975000','45.78097500','黑龙江省哈尔滨市南岗区文庙街','2014-09-10 20:24:18'),(347,22,10,'126.68975000','45.78097500','黑龙江省哈尔滨市南岗区文庙街','2014-09-10 20:24:20'),(348,22,10,'126.68975000','45.78097500','黑龙江省哈尔滨市南岗区文庙街','2014-09-10 20:24:22'),(349,22,10,'126.68975000','45.78097500','黑龙江省哈尔滨市南岗区文庙街','2014-09-10 20:24:24'),(350,22,10,'126.68975000','45.78097500','黑龙江省哈尔滨市南岗区文庙街','2014-09-10 20:24:26'),(351,22,10,'126.68975000','45.78097500','黑龙江省哈尔滨市南岗区文庙街','2014-09-10 20:24:28'),(352,22,10,'126.68975000','45.78097500','黑龙江省哈尔滨市南岗区文庙街','2014-09-10 20:24:30'),(353,22,10,'126.68975000','45.78097500','黑龙江省哈尔滨市南岗区文庙街','2014-09-10 20:24:32'),(354,22,10,'126.68975000','45.78097500','黑龙江省哈尔滨市南岗区文庙街','2014-09-10 20:24:34'),(355,22,10,'126.68975000','45.78097500','黑龙江省哈尔滨市南岗区文庙街','2014-09-10 20:24:36'),(356,22,10,'126.68975000','45.78097500','黑龙江省哈尔滨市南岗区文庙街','2014-09-10 20:24:38'),(357,22,10,'126.68975000','45.78097500','黑龙江省哈尔滨市南岗区文庙街','2014-09-10 20:24:41'),(358,22,10,'126.68975000','45.78097500','黑龙江省哈尔滨市南岗区文庙街','2014-09-10 20:24:42'),(359,22,10,'126.68975000','45.78097500','黑龙江省哈尔滨市南岗区文庙街','2014-09-10 20:24:44'),(360,22,10,'126.68975000','45.78097500','黑龙江省哈尔滨市南岗区文庙街','2014-09-10 20:24:46'),(361,22,10,'126.68975000','45.78097500','黑龙江省哈尔滨市南岗区文庙街','2014-09-10 20:24:48'),(362,22,10,'126.68975000','45.78097500','黑龙江省哈尔滨市南岗区文庙街','2014-09-10 20:24:50'),(363,22,10,'126.68975000','45.78097500','黑龙江省哈尔滨市南岗区文庙街','2014-09-10 20:24:53'),(364,22,10,'126.68975000','45.78097500','黑龙江省哈尔滨市南岗区文庙街','2014-09-10 20:24:54'),(365,22,10,'126.68975000','45.78097500','黑龙江省哈尔滨市南岗区文庙街','2014-09-10 20:24:56'),(366,22,10,'126.68975000','45.78097500','黑龙江省哈尔滨市南岗区文庙街','2014-09-10 20:24:58'),(367,22,10,'126.68975000','45.78097500','黑龙江省哈尔滨市南岗区文庙街','2014-09-10 20:25:00'),(368,22,10,'126.68975000','45.78097500','黑龙江省哈尔滨市南岗区文庙街','2014-09-10 20:25:02'),(369,22,10,'126.68975000','45.78097500','黑龙江省哈尔滨市南岗区文庙街','2014-09-10 20:25:05'),(370,22,10,'126.68975000','45.78097500','黑龙江省哈尔滨市南岗区文庙街','2014-09-10 20:25:07'),(371,22,10,'126.68975000','45.78097500','黑龙江省哈尔滨市南岗区文庙街','2014-09-10 20:25:09'),(372,22,10,'126.68975000','45.78097500','黑龙江省哈尔滨市南岗区文庙街','2014-09-10 20:25:10'),(373,22,10,'126.68975000','45.78097500','黑龙江省哈尔滨市南岗区文庙街','2014-09-10 20:25:12'),(374,22,10,'126.68975000','45.78097500','黑龙江省哈尔滨市南岗区文庙街','2014-09-10 20:25:14'),(375,22,10,'126.68975000','45.78097500','黑龙江省哈尔滨市南岗区文庙街','2014-09-10 20:25:16'),(376,22,10,'126.68975000','45.78097500','黑龙江省哈尔滨市南岗区文庙街','2014-09-10 20:25:18'),(377,22,10,'126.68975000','45.78097500','黑龙江省哈尔滨市南岗区文庙街','2014-09-10 20:25:20'),(378,22,10,'126.68975000','45.78097500','黑龙江省哈尔滨市南岗区文庙街','2014-09-10 20:25:22'),(379,22,10,'126.68975000','45.78097500','黑龙江省哈尔滨市南岗区文庙街','2014-09-10 20:25:24'),(380,22,10,'126.68975000','45.78097500','黑龙江省哈尔滨市南岗区文庙街','2014-09-10 20:25:26'),(381,22,10,'126.68975000','45.78097500','黑龙江省哈尔滨市南岗区文庙街','2014-09-10 20:25:28'),(382,22,10,'126.68975000','45.78097500','黑龙江省哈尔滨市南岗区文庙街','2014-09-10 20:25:30'),(383,22,10,'126.68975000','45.78097500','黑龙江省哈尔滨市南岗区文庙街','2014-09-10 20:25:32'),(384,22,10,'126.68975000','45.78097500','黑龙江省哈尔滨市南岗区文庙街','2014-09-10 20:25:34'),(385,22,10,'126.68975000','45.78097500','黑龙江省哈尔滨市南岗区文庙街','2014-09-10 20:25:36'),(386,22,10,'126.68975000','45.78097500','黑龙江省哈尔滨市南岗区文庙街','2014-09-10 20:25:38'),(387,22,10,'126.68975000','45.78097500','黑龙江省哈尔滨市南岗区文庙街','2014-09-10 20:25:40'),(388,22,10,'126.68975000','45.78097500','黑龙江省哈尔滨市南岗区文庙街','2014-09-10 20:25:42'),(389,22,10,'126.68975000','45.78097500','黑龙江省哈尔滨市南岗区文庙街','2014-09-10 20:25:44'),(390,22,10,'126.68975000','45.78097500','黑龙江省哈尔滨市南岗区文庙街','2014-09-10 20:25:46'),(391,22,10,'126.68975000','45.78097500','黑龙江省哈尔滨市南岗区文庙街','2014-09-10 20:25:48'),(392,22,10,'126.68975000','45.78097500','黑龙江省哈尔滨市南岗区文庙街','2014-09-10 20:25:50'),(393,22,10,'126.68975000','45.78097500','黑龙江省哈尔滨市南岗区文庙街','2014-09-10 20:25:52'),(394,22,10,'126.68975000','45.78097500','黑龙江省哈尔滨市南岗区文庙街','2014-09-10 20:25:54'),(395,22,10,'126.68975000','45.78097500','黑龙江省哈尔滨市南岗区文庙街','2014-09-10 20:25:56'),(396,22,10,'126.68975000','45.78097500','黑龙江省哈尔滨市南岗区文庙街','2014-09-10 20:25:58'),(397,22,10,'126.68975000','45.78097500','黑龙江省哈尔滨市南岗区文庙街','2014-09-10 20:26:00'),(398,22,10,'126.68975000','45.78097500','黑龙江省哈尔滨市南岗区文庙街','2014-09-10 20:26:02'),(399,22,10,'126.68975000','45.78097500','黑龙江省哈尔滨市南岗区文庙街','2014-09-10 20:26:04'),(400,22,10,'126.68975000','45.78097500','黑龙江省哈尔滨市南岗区文庙街','2014-09-10 20:26:06'),(401,22,10,'126.68975000','45.78097500','黑龙江省哈尔滨市南岗区文庙街','2014-09-10 20:26:08'),(402,22,10,'126.68975000','45.78097500','黑龙江省哈尔滨市南岗区文庙街','2014-09-10 20:26:10'),(403,22,10,'126.68975000','45.78097500','黑龙江省哈尔滨市南岗区文庙街','2014-09-10 20:26:12'),(404,22,10,'126.68975000','45.78097500','黑龙江省哈尔滨市南岗区文庙街','2014-09-10 20:26:14'),(405,22,10,'126.68975000','45.78097500','黑龙江省哈尔滨市南岗区文庙街','2014-09-10 20:26:16'),(406,22,10,'126.68975000','45.78097500','黑龙江省哈尔滨市南岗区文庙街','2014-09-10 20:26:18'),(407,22,10,'126.68975000','45.78097500','黑龙江省哈尔滨市南岗区文庙街','2014-09-10 20:26:20'),(408,22,10,'126.68975000','45.78097500','黑龙江省哈尔滨市南岗区文庙街','2014-09-10 20:26:22'),(409,22,10,'126.68975000','45.78097500','黑龙江省哈尔滨市南岗区文庙街','2014-09-10 20:26:24'),(410,22,10,'126.68975000','45.78097500','黑龙江省哈尔滨市南岗区文庙街','2014-09-10 20:26:26'),(411,22,10,'126.68975000','45.78097500','黑龙江省哈尔滨市南岗区文庙街','2014-09-10 20:26:28'),(412,22,10,'126.68975000','45.78097500','黑龙江省哈尔滨市南岗区文庙街','2014-09-10 20:26:30'),(413,22,10,'126.68975000','45.78097500','黑龙江省哈尔滨市南岗区文庙街','2014-09-10 20:26:32'),(414,22,10,'126.68975000','45.78097500','黑龙江省哈尔滨市南岗区文庙街','2014-09-10 20:26:34'),(415,22,10,'126.68975000','45.78097500','黑龙江省哈尔滨市南岗区文庙街','2014-09-10 20:26:36'),(416,22,10,'126.68975000','45.78097500','黑龙江省哈尔滨市南岗区文庙街','2014-09-10 20:26:38'),(417,22,10,'126.68975000','45.78097500','黑龙江省哈尔滨市南岗区文庙街','2014-09-10 20:26:40'),(418,22,10,'126.68975000','45.78097500','黑龙江省哈尔滨市南岗区文庙街','2014-09-10 20:26:42'),(419,22,10,'126.68975000','45.78097500','黑龙江省哈尔滨市南岗区文庙街','2014-09-10 20:26:44'),(420,22,10,'126.68975000','45.78097500','黑龙江省哈尔滨市南岗区文庙街','2014-09-10 20:26:46'),(421,22,10,'126.68975000','45.78097500','黑龙江省哈尔滨市南岗区文庙街','2014-09-10 20:26:48'),(422,22,10,'126.68975000','45.78097500','黑龙江省哈尔滨市南岗区文庙街','2014-09-10 20:26:50'),(423,22,10,'126.68975000','45.78097500','黑龙江省哈尔滨市南岗区文庙街','2014-09-10 20:26:52'),(424,22,10,'126.68975000','45.78097500','黑龙江省哈尔滨市南岗区文庙街','2014-09-10 20:26:54'),(425,22,10,'126.68975000','45.78097500','黑龙江省哈尔滨市南岗区文庙街','2014-09-10 20:26:56'),(426,22,10,'126.68975000','45.78097500','黑龙江省哈尔滨市南岗区文庙街','2014-09-10 20:26:58'),(427,22,10,'126.68975000','45.78097500','黑龙江省哈尔滨市南岗区文庙街','2014-09-10 20:27:00'),(428,22,10,'126.68975000','45.78097500','黑龙江省哈尔滨市南岗区文庙街','2014-09-10 20:27:02'),(429,22,10,'126.68975000','45.78097500','黑龙江省哈尔滨市南岗区文庙街','2014-09-10 20:27:04'),(430,22,10,'126.68975000','45.78097500','黑龙江省哈尔滨市南岗区文庙街','2014-09-10 20:27:06'),(431,22,10,'126.68975000','45.78097500','黑龙江省哈尔滨市南岗区文庙街','2014-09-10 20:27:08'),(432,22,10,'126.68975000','45.78097500','黑龙江省哈尔滨市南岗区文庙街','2014-09-10 20:27:10'),(433,22,10,'126.68975000','45.78097500','黑龙江省哈尔滨市南岗区文庙街','2014-09-10 20:27:12'),(434,22,10,'126.68975000','45.78097500','黑龙江省哈尔滨市南岗区文庙街','2014-09-10 20:27:14'),(435,22,10,'126.68975000','45.78097500','黑龙江省哈尔滨市南岗区文庙街','2014-09-10 20:27:16'),(436,22,10,'126.68975000','45.78097500','黑龙江省哈尔滨市南岗区文庙街','2014-09-10 20:27:18'),(437,22,10,'126.68975000','45.78097500','黑龙江省哈尔滨市南岗区文庙街','2014-09-10 20:27:20'),(438,22,10,'126.68975000','45.78097500','黑龙江省哈尔滨市南岗区文庙街','2014-09-10 20:27:22'),(439,22,10,'126.68975000','45.78097500','黑龙江省哈尔滨市南岗区文庙街','2014-09-10 20:27:24'),(440,22,10,'126.68975000','45.78097500','黑龙江省哈尔滨市南岗区文庙街','2014-09-10 20:27:26'),(441,22,10,'126.68975000','45.78097500','黑龙江省哈尔滨市南岗区文庙街','2014-09-10 20:27:28'),(442,22,10,'126.68975000','45.78097500','黑龙江省哈尔滨市南岗区文庙街','2014-09-10 20:27:30'),(443,22,10,'126.68975000','45.78097500','黑龙江省哈尔滨市南岗区文庙街','2014-09-10 20:27:32'),(444,22,10,'126.68975000','45.78097500','黑龙江省哈尔滨市南岗区文庙街','2014-09-10 20:27:34'),(445,22,10,'126.68975000','45.78097500','黑龙江省哈尔滨市南岗区文庙街','2014-09-10 20:27:36'),(446,22,10,'126.68975000','45.78097500','黑龙江省哈尔滨市南岗区文庙街','2014-09-10 20:27:38'),(447,22,10,'126.68975000','45.78097500','黑龙江省哈尔滨市南岗区文庙街','2014-09-10 20:27:40'),(448,22,10,'126.68975000','45.78097500','黑龙江省哈尔滨市南岗区文庙街','2014-09-10 20:27:42'),(449,22,10,'126.68975000','45.78097500','黑龙江省哈尔滨市南岗区文庙街','2014-09-10 20:27:44'),(450,22,10,'126.68975000','45.78097500','黑龙江省哈尔滨市南岗区文庙街','2014-09-10 20:27:46'),(451,22,10,'126.68975000','45.78097500','黑龙江省哈尔滨市南岗区文庙街','2014-09-10 20:27:48'),(452,22,10,'126.68975000','45.78097500','黑龙江省哈尔滨市南岗区文庙街','2014-09-10 20:27:50'),(453,22,10,'126.68975000','45.78097500','黑龙江省哈尔滨市南岗区文庙街','2014-09-10 20:27:52'),(454,22,10,'126.68975000','45.78097500','黑龙江省哈尔滨市南岗区文庙街','2014-09-10 20:27:54'),(455,22,10,'126.68975000','45.78097500','黑龙江省哈尔滨市南岗区文庙街','2014-09-10 20:27:56'),(456,22,10,'126.68975000','45.78097500','黑龙江省哈尔滨市南岗区文庙街','2014-09-10 20:27:58'),(457,22,10,'126.68975000','45.78097500','黑龙江省哈尔滨市南岗区文庙街','2014-09-10 20:28:00'),(458,22,10,'126.68975000','45.78097500','黑龙江省哈尔滨市南岗区文庙街','2014-09-10 20:28:02'),(459,22,10,'126.68975000','45.78097500','黑龙江省哈尔滨市南岗区文庙街','2014-09-10 20:28:04'),(460,22,10,'126.68975000','45.78097500','黑龙江省哈尔滨市南岗区文庙街','2014-09-10 20:28:06'),(461,22,10,'126.68975000','45.78097500','黑龙江省哈尔滨市南岗区文庙街','2014-09-10 20:28:09'),(462,22,10,'126.68975000','45.78097500','黑龙江省哈尔滨市南岗区文庙街','2014-09-10 20:28:10'),(463,22,10,'126.68975000','45.78097500','黑龙江省哈尔滨市南岗区文庙街','2014-09-10 20:28:12'),(464,22,10,'126.68975000','45.78097500','黑龙江省哈尔滨市南岗区文庙街','2014-09-10 20:28:14'),(465,22,10,'126.68975000','45.78097500','黑龙江省哈尔滨市南岗区文庙街','2014-09-10 20:28:16'),(466,22,10,'126.68975000','45.78097500','黑龙江省哈尔滨市南岗区文庙街','2014-09-10 20:28:18'),(467,22,10,'126.68975000','45.78097500','黑龙江省哈尔滨市南岗区文庙街','2014-09-10 20:28:20'),(468,22,10,'126.68975000','45.78097500','黑龙江省哈尔滨市南岗区文庙街','2014-09-10 20:28:22'),(469,22,10,'126.68975000','45.78097500','黑龙江省哈尔滨市南岗区文庙街','2014-09-10 20:28:24'),(470,22,10,'126.68975000','45.78097500','黑龙江省哈尔滨市南岗区文庙街','2014-09-10 20:28:26'),(471,22,10,'126.68975000','45.78097500','黑龙江省哈尔滨市南岗区文庙街','2014-09-10 20:28:28'),(472,22,10,'126.68975000','45.78097500','黑龙江省哈尔滨市南岗区文庙街','2014-09-10 20:28:30'),(473,22,10,'126.68975000','45.78097500','黑龙江省哈尔滨市南岗区文庙街','2014-09-10 20:28:32'),(474,22,10,'126.68975000','45.78097500','黑龙江省哈尔滨市南岗区文庙街','2014-09-10 20:28:34'),(475,22,10,'126.68975000','45.78097500','黑龙江省哈尔滨市南岗区文庙街','2014-09-10 20:28:37'),(476,22,10,'126.68975000','45.78097500','黑龙江省哈尔滨市南岗区文庙街','2014-09-10 20:28:38'),(477,22,10,'126.68975000','45.78097500','黑龙江省哈尔滨市南岗区文庙街','2014-09-10 20:28:41'),(478,22,10,'126.68975000','45.78097500','黑龙江省哈尔滨市南岗区文庙街','2014-09-10 20:28:42'),(479,22,10,'126.68975000','45.78097500','黑龙江省哈尔滨市南岗区文庙街','2014-09-10 20:28:44'),(480,22,10,'126.68975000','45.78097500','黑龙江省哈尔滨市南岗区文庙街','2014-09-10 20:28:46'),(481,22,10,'126.68975000','45.78097500','黑龙江省哈尔滨市南岗区文庙街','2014-09-10 20:28:49'),(482,22,10,'126.68975000','45.78097500','黑龙江省哈尔滨市南岗区文庙街','2014-09-10 20:28:50'),(483,22,10,'126.68975000','45.78097500','黑龙江省哈尔滨市南岗区文庙街','2014-09-10 20:28:53'),(484,22,10,'126.68975000','45.78097500','黑龙江省哈尔滨市南岗区文庙街','2014-09-10 20:28:55'),(485,22,10,'126.68975000','45.78097500','黑龙江省哈尔滨市南岗区文庙街','2014-09-10 20:28:56'),(486,22,10,'126.68975000','45.78097500','黑龙江省哈尔滨市南岗区文庙街','2014-09-10 20:28:58'),(487,22,10,'126.68975000','45.78097500','黑龙江省哈尔滨市南岗区文庙街','2014-09-10 20:29:01'),(488,22,10,'126.68975000','45.78097500','黑龙江省哈尔滨市南岗区文庙街','2014-09-10 20:29:02'),(489,22,10,'126.68975000','45.78097500','黑龙江省哈尔滨市南岗区文庙街','2014-09-10 20:29:04'),(490,22,10,'126.68975000','45.78097500','黑龙江省哈尔滨市南岗区文庙街','2014-09-10 20:29:06'),(491,22,10,'126.68975000','45.78097500','黑龙江省哈尔滨市南岗区文庙街','2014-09-10 20:29:09'),(492,22,10,'126.68975000','45.78097500','黑龙江省哈尔滨市南岗区文庙街','2014-09-10 20:29:10'),(493,22,10,'126.68975000','45.78097500','黑龙江省哈尔滨市南岗区文庙街','2014-09-10 20:29:12'),(494,22,10,'126.68975000','45.78097500','黑龙江省哈尔滨市南岗区文庙街','2014-09-10 20:29:14'),(495,22,10,'126.68975000','45.78097500','黑龙江省哈尔滨市南岗区文庙街','2014-09-10 20:29:16'),(496,22,10,'126.68975000','45.78097500','黑龙江省哈尔滨市南岗区文庙街','2014-09-10 20:29:18'),(497,22,10,'126.68975000','45.78097500','黑龙江省哈尔滨市南岗区文庙街','2014-09-10 20:29:21'),(498,22,10,'126.68975000','45.78097500','黑龙江省哈尔滨市南岗区文庙街','2014-09-10 20:29:22'),(499,22,10,'126.68975000','45.78097500','黑龙江省哈尔滨市南岗区文庙街','2014-09-10 20:29:25'),(500,22,10,'126.68975000','45.78097500','黑龙江省哈尔滨市南岗区文庙街','2014-09-10 20:29:26'),(501,22,10,'126.68975000','45.78097500','黑龙江省哈尔滨市南岗区文庙街','2014-09-10 20:29:29'),(502,22,10,'126.68975000','45.78097500','黑龙江省哈尔滨市南岗区文庙街','2014-09-10 20:29:30'),(503,22,10,'126.68975000','45.78097500','黑龙江省哈尔滨市南岗区文庙街','2014-09-10 20:29:32'),(504,22,10,'126.68975000','45.78097500','黑龙江省哈尔滨市南岗区文庙街','2014-09-10 20:29:34'),(505,22,10,'126.68975000','45.78097500','黑龙江省哈尔滨市南岗区文庙街','2014-09-10 20:29:37'),(506,22,10,'126.68975000','45.78097500','黑龙江省哈尔滨市南岗区文庙街','2014-09-10 20:29:38'),(507,22,10,'126.68975000','45.78097500','黑龙江省哈尔滨市南岗区文庙街','2014-09-10 20:29:41'),(508,22,10,'126.68975000','45.78097500','黑龙江省哈尔滨市南岗区文庙街','2014-09-10 20:29:42'),(509,22,10,'126.68975000','45.78097500','黑龙江省哈尔滨市南岗区文庙街','2014-09-10 20:29:44'),(510,22,10,'126.68975000','45.78097500','黑龙江省哈尔滨市南岗区文庙街','2014-09-10 20:29:46'),(511,22,10,'126.68975000','45.78097500','黑龙江省哈尔滨市南岗区文庙街','2014-09-10 20:29:48'),(512,22,10,'126.68975000','45.78097500','黑龙江省哈尔滨市南岗区文庙街','2014-09-10 20:29:50'),(513,22,10,'126.68975000','45.78097500','黑龙江省哈尔滨市南岗区文庙街','2014-09-10 20:29:52'),(514,22,10,'126.68975000','45.78097500','黑龙江省哈尔滨市南岗区文庙街','2014-09-10 20:29:55'),(515,22,10,'126.68975000','45.78097500','黑龙江省哈尔滨市南岗区文庙街','2014-09-10 20:29:57'),(516,22,10,'126.68975000','45.78097500','黑龙江省哈尔滨市南岗区文庙街','2014-09-10 20:29:58'),(517,22,10,'126.68975000','45.78097500','黑龙江省哈尔滨市南岗区文庙街','2014-09-10 20:30:00'),(518,22,10,'126.68975000','45.78097500','黑龙江省哈尔滨市南岗区文庙街','2014-09-10 20:30:02'),(519,22,10,'126.68975000','45.78097500','黑龙江省哈尔滨市南岗区文庙街','2014-09-10 20:30:05'),(520,22,10,'126.68975000','45.78097500','黑龙江省哈尔滨市南岗区文庙街','2014-09-10 20:30:06'),(521,22,10,'126.68975000','45.78097500','黑龙江省哈尔滨市南岗区文庙街','2014-09-10 20:30:09'),(522,22,10,'126.68975000','45.78097500','黑龙江省哈尔滨市南岗区文庙街','2014-09-10 20:30:10'),(523,22,10,'126.68975000','45.78097500','黑龙江省哈尔滨市南岗区文庙街','2014-09-10 20:30:13'),(524,22,10,'126.68975000','45.78097500','黑龙江省哈尔滨市南岗区文庙街','2014-09-10 20:30:14'),(525,22,10,'126.68975000','45.78097500','黑龙江省哈尔滨市南岗区文庙街','2014-09-10 20:30:16'),(526,22,10,'126.68975000','45.78097500','黑龙江省哈尔滨市南岗区文庙街','2014-09-10 20:30:18'),(527,22,10,'126.68975000','45.78097500','黑龙江省哈尔滨市南岗区文庙街','2014-09-10 20:30:21'),(528,22,10,'126.68975000','45.78097500','黑龙江省哈尔滨市南岗区文庙街','2014-09-10 20:30:22'),(529,22,10,'126.68975000','45.78097500','黑龙江省哈尔滨市南岗区文庙街','2014-09-10 20:30:25'),(530,22,10,'126.68975000','45.78097500','黑龙江省哈尔滨市南岗区文庙街','2014-09-10 20:30:27'),(531,22,10,'126.68975000','45.78097500','黑龙江省哈尔滨市南岗区文庙街','2014-09-10 20:30:29'),(532,22,10,'126.68975000','45.78097500','黑龙江省哈尔滨市南岗区文庙街','2014-09-10 20:30:30'),(533,22,10,'126.68975000','45.78097500','黑龙江省哈尔滨市南岗区文庙街','2014-09-10 20:30:32'),(534,22,10,'126.68975000','45.78097500','黑龙江省哈尔滨市南岗区文庙街','2014-09-10 20:30:35'),(535,22,10,'126.68975000','45.78097500','黑龙江省哈尔滨市南岗区文庙街','2014-09-10 20:30:37'),(536,22,10,'126.68975000','45.78097500','黑龙江省哈尔滨市南岗区文庙街','2014-09-10 20:30:38'),(537,22,10,'126.68975000','45.78097500','黑龙江省哈尔滨市南岗区文庙街','2014-09-10 20:30:41'),(538,22,10,'126.68975000','45.78097500','黑龙江省哈尔滨市南岗区文庙街','2014-09-10 20:30:43'),(539,22,10,'126.68975000','45.78097500','黑龙江省哈尔滨市南岗区文庙街','2014-09-10 20:30:45'),(540,22,10,'126.68975000','45.78097500','黑龙江省哈尔滨市南岗区文庙街','2014-09-10 20:30:47'),(541,22,10,'126.68975000','45.78097500','黑龙江省哈尔滨市南岗区文庙街','2014-09-10 20:30:49'),(542,22,10,'126.68975000','45.78097500','黑龙江省哈尔滨市南岗区文庙街','2014-09-10 20:30:51'),(543,22,10,'126.68975000','45.78097500','黑龙江省哈尔滨市南岗区文庙街','2014-09-10 20:30:53'),(544,22,10,'126.68975000','45.78097500','黑龙江省哈尔滨市南岗区文庙街','2014-09-10 20:30:55'),(545,22,10,'126.68975000','45.78097500','黑龙江省哈尔滨市南岗区文庙街','2014-09-10 20:30:57'),(546,22,10,'126.68975000','45.78097500','黑龙江省哈尔滨市南岗区文庙街','2014-09-10 20:30:58'),(547,22,10,'126.68975000','45.78097500','黑龙江省哈尔滨市南岗区文庙街','2014-09-10 20:31:01'),(548,22,10,'126.68975000','45.78097500','黑龙江省哈尔滨市南岗区文庙街','2014-09-10 20:31:03'),(549,22,10,'126.68975000','45.78097500','黑龙江省哈尔滨市南岗区文庙街','2014-09-10 20:31:05'),(550,22,10,'126.68975000','45.78097500','黑龙江省哈尔滨市南岗区文庙街','2014-09-10 20:31:07'),(551,22,10,'126.68975000','45.78097500','黑龙江省哈尔滨市南岗区文庙街','2014-09-10 20:31:09'),(552,22,10,'126.68975000','45.78097500','黑龙江省哈尔滨市南岗区文庙街','2014-09-10 20:31:11'),(553,22,10,'126.68975000','45.78097500','黑龙江省哈尔滨市南岗区文庙街','2014-09-10 20:31:13'),(554,22,10,'126.68975000','45.78097500','黑龙江省哈尔滨市南岗区文庙街','2014-09-10 20:31:15'),(555,22,10,'126.68975000','45.78097500','黑龙江省哈尔滨市南岗区文庙街','2014-09-10 20:31:17'),(556,22,10,'126.68975000','45.78097500','黑龙江省哈尔滨市南岗区文庙街','2014-09-10 20:31:19'),(557,22,10,'126.68975000','45.78097500','黑龙江省哈尔滨市南岗区文庙街','2014-09-10 20:31:21'),(558,22,10,'126.68975000','45.78097500','黑龙江省哈尔滨市南岗区文庙街','2014-09-10 20:31:23'),(559,22,10,'126.68975000','45.78097500','黑龙江省哈尔滨市南岗区文庙街','2014-09-10 20:31:25'),(560,22,10,'126.68975000','45.78097500','黑龙江省哈尔滨市南岗区文庙街','2014-09-10 20:31:27'),(561,22,10,'126.68975000','45.78097500','黑龙江省哈尔滨市南岗区文庙街','2014-09-10 20:31:29'),(562,22,10,'126.68975000','45.78097500','黑龙江省哈尔滨市南岗区文庙街','2014-09-10 20:31:31'),(563,22,10,'126.68975000','45.78097500','黑龙江省哈尔滨市南岗区文庙街','2014-09-10 20:31:33'),(564,22,10,'126.68975000','45.78097500','黑龙江省哈尔滨市南岗区文庙街','2014-09-10 20:31:35'),(565,22,10,'126.68975000','45.78097500','黑龙江省哈尔滨市南岗区文庙街','2014-09-10 20:31:37'),(566,22,10,'126.68975000','45.78097500','黑龙江省哈尔滨市南岗区文庙街','2014-09-10 20:31:39'),(567,22,10,'126.68975000','45.78097500','黑龙江省哈尔滨市南岗区文庙街','2014-09-10 20:31:41'),(568,22,10,'126.68975000','45.78097500','黑龙江省哈尔滨市南岗区文庙街','2014-09-10 20:31:43'),(569,22,10,'126.68975000','45.78097500','黑龙江省哈尔滨市南岗区文庙街','2014-09-10 20:31:45'),(570,22,10,'126.68975000','45.78097500','黑龙江省哈尔滨市南岗区文庙街','2014-09-10 20:31:47'),(571,22,10,'126.68975000','45.78097500','黑龙江省哈尔滨市南岗区文庙街','2014-09-10 20:31:49'),(572,22,10,'126.68975000','45.78097500','黑龙江省哈尔滨市南岗区文庙街','2014-09-10 20:31:51'),(573,22,10,'126.68975000','45.78097500','黑龙江省哈尔滨市南岗区文庙街','2014-09-10 20:31:53'),(574,22,10,'126.68975000','45.78097500','黑龙江省哈尔滨市南岗区文庙街','2014-09-10 20:31:55'),(575,22,10,'126.68975000','45.78097500','黑龙江省哈尔滨市南岗区文庙街','2014-09-10 20:31:57'),(576,22,10,'126.68975000','45.78097500','黑龙江省哈尔滨市南岗区文庙街','2014-09-10 20:31:59'),(577,22,10,'126.68975000','45.78097500','黑龙江省哈尔滨市南岗区文庙街','2014-09-10 20:32:01'),(578,22,10,'126.68975000','45.78097500','黑龙江省哈尔滨市南岗区文庙街','2014-09-10 20:32:03'),(579,22,10,'126.68975000','45.78097500','黑龙江省哈尔滨市南岗区文庙街','2014-09-10 20:32:05'),(580,22,10,'126.68975000','45.78097500','黑龙江省哈尔滨市南岗区文庙街','2014-09-10 20:32:07'),(581,22,10,'126.68975000','45.78097500','黑龙江省哈尔滨市南岗区文庙街','2014-09-10 20:32:09'),(582,22,10,'126.68975000','45.78097500','黑龙江省哈尔滨市南岗区文庙街','2014-09-10 20:32:11'),(583,22,10,'126.68975000','45.78097500','黑龙江省哈尔滨市南岗区文庙街','2014-09-10 20:32:13'),(584,22,10,'126.68975000','45.78097500','黑龙江省哈尔滨市南岗区文庙街','2014-09-10 20:32:15'),(585,22,10,'126.68975000','45.78097500','黑龙江省哈尔滨市南岗区文庙街','2014-09-10 20:32:17'),(586,22,10,'126.68975000','45.78097500','黑龙江省哈尔滨市南岗区文庙街','2014-09-10 20:32:19'),(587,22,10,'126.68975000','45.78097500','黑龙江省哈尔滨市南岗区文庙街','2014-09-10 20:32:21'),(588,22,10,'126.68975000','45.78097500','黑龙江省哈尔滨市南岗区文庙街','2014-09-10 20:32:23'),(589,22,10,'126.68975000','45.78097500','黑龙江省哈尔滨市南岗区文庙街','2014-09-10 20:32:25'),(590,22,10,'126.68975000','45.78097500','黑龙江省哈尔滨市南岗区文庙街','2014-09-10 20:32:27'),(591,22,10,'126.68975000','45.78097500','黑龙江省哈尔滨市南岗区文庙街','2014-09-10 20:32:29'),(592,22,10,'126.68975000','45.78097500','黑龙江省哈尔滨市南岗区文庙街','2014-09-10 20:32:31'),(593,22,10,'126.68975000','45.78097500','黑龙江省哈尔滨市南岗区文庙街','2014-09-10 20:32:33'),(594,22,10,'126.68975000','45.78097500','黑龙江省哈尔滨市南岗区文庙街','2014-09-10 20:32:35'),(595,22,10,'126.68975000','45.78097500','黑龙江省哈尔滨市南岗区文庙街','2014-09-10 20:32:37'),(596,22,10,'126.68975000','45.78097500','黑龙江省哈尔滨市南岗区文庙街','2014-09-10 20:32:39'),(597,22,10,'126.68975000','45.78097500','黑龙江省哈尔滨市南岗区文庙街','2014-09-10 20:32:41'),(598,22,10,'126.68975000','45.78097500','黑龙江省哈尔滨市南岗区文庙街','2014-09-10 20:32:43'),(599,22,10,'126.68975000','45.78097500','黑龙江省哈尔滨市南岗区文庙街','2014-09-10 20:32:45'),(600,22,10,'126.68975000','45.78097500','黑龙江省哈尔滨市南岗区文庙街','2014-09-10 20:32:47'),(601,22,10,'126.68975000','45.78097500','黑龙江省哈尔滨市南岗区文庙街','2014-09-10 20:32:49'),(602,22,10,'126.68975000','45.78097500','黑龙江省哈尔滨市南岗区文庙街','2014-09-10 20:32:51'),(603,22,10,'126.68975000','45.78097500','黑龙江省哈尔滨市南岗区文庙街','2014-09-10 20:32:53'),(604,22,10,'126.68975000','45.78097500','黑龙江省哈尔滨市南岗区文庙街','2014-09-10 20:32:55'),(605,22,10,'126.68975000','45.78097500','黑龙江省哈尔滨市南岗区文庙街','2014-09-10 20:32:57'),(606,22,10,'126.68975000','45.78097500','黑龙江省哈尔滨市南岗区文庙街','2014-09-10 20:32:59'),(607,22,10,'126.68975000','45.78097500','黑龙江省哈尔滨市南岗区文庙街','2014-09-10 20:33:01'),(608,22,10,'126.68975000','45.78097500','黑龙江省哈尔滨市南岗区文庙街','2014-09-10 20:33:03'),(609,22,10,'126.68975000','45.78097500','黑龙江省哈尔滨市南岗区文庙街','2014-09-10 20:33:05'),(610,22,10,'126.68975000','45.78097500','黑龙江省哈尔滨市南岗区文庙街','2014-09-10 20:33:07'),(611,22,10,'126.68975000','45.78097500','黑龙江省哈尔滨市南岗区文庙街','2014-09-10 20:33:09'),(612,22,10,'126.68975000','45.78097500','黑龙江省哈尔滨市南岗区文庙街','2014-09-10 20:33:11'),(613,22,10,'126.68975000','45.78097500','黑龙江省哈尔滨市南岗区文庙街','2014-09-10 20:33:13'),(614,22,10,'126.68975000','45.78097500','黑龙江省哈尔滨市南岗区文庙街','2014-09-10 20:33:15'),(615,22,10,'126.68975000','45.78097500','黑龙江省哈尔滨市南岗区文庙街','2014-09-10 20:33:17'),(616,22,10,'126.68975000','45.78097500','黑龙江省哈尔滨市南岗区文庙街','2014-09-10 20:33:19'),(617,22,10,'126.68975000','45.78097500','黑龙江省哈尔滨市南岗区文庙街','2014-09-10 20:33:21'),(618,22,10,'126.68975000','45.78097500','黑龙江省哈尔滨市南岗区文庙街','2014-09-10 20:33:23'),(619,22,10,'126.68975000','45.78097500','黑龙江省哈尔滨市南岗区文庙街','2014-09-10 20:33:25'),(620,22,10,'126.68975000','45.78097500','黑龙江省哈尔滨市南岗区文庙街','2014-09-10 20:33:27'),(621,22,10,'126.68975000','45.78097500','黑龙江省哈尔滨市南岗区文庙街','2014-09-10 20:33:29'),(622,22,10,'126.68975000','45.78097500','黑龙江省哈尔滨市南岗区文庙街','2014-09-10 20:33:31'),(623,22,10,'126.68975000','45.78097500','黑龙江省哈尔滨市南岗区文庙街','2014-09-10 20:33:33'),(624,22,10,'126.68975000','45.78097500','黑龙江省哈尔滨市南岗区文庙街','2014-09-10 20:33:35'),(625,22,10,'126.68975000','45.78097500','黑龙江省哈尔滨市南岗区文庙街','2014-09-10 20:33:37'),(626,22,10,'126.68975000','45.78097500','黑龙江省哈尔滨市南岗区文庙街','2014-09-10 20:33:39'),(627,22,10,'126.68975000','45.78097500','黑龙江省哈尔滨市南岗区文庙街','2014-09-10 20:33:41'),(628,22,10,'126.68975000','45.78097500','黑龙江省哈尔滨市南岗区文庙街','2014-09-10 20:33:43'),(629,22,10,'126.68975000','45.78097500','黑龙江省哈尔滨市南岗区文庙街','2014-09-10 20:33:45'),(630,22,10,'126.68975000','45.78097500','黑龙江省哈尔滨市南岗区文庙街','2014-09-10 20:33:47'),(631,22,10,'126.68975000','45.78097500','黑龙江省哈尔滨市南岗区文庙街','2014-09-10 20:33:49'),(632,22,10,'126.68975000','45.78097500','黑龙江省哈尔滨市南岗区文庙街','2014-09-10 20:33:51'),(633,22,10,'126.68975000','45.78097500','黑龙江省哈尔滨市南岗区文庙街','2014-09-10 20:33:53'),(634,22,10,'126.68975000','45.78097500','黑龙江省哈尔滨市南岗区文庙街','2014-09-10 20:33:55'),(635,22,10,'126.68975000','45.78097500','黑龙江省哈尔滨市南岗区文庙街','2014-09-10 20:33:57'),(636,22,10,'126.68975000','45.78097500','黑龙江省哈尔滨市南岗区文庙街','2014-09-10 20:33:59'),(637,22,10,'126.68975000','45.78097500','黑龙江省哈尔滨市南岗区文庙街','2014-09-10 20:34:01'),(638,22,10,'126.68975000','45.78097500','黑龙江省哈尔滨市南岗区文庙街','2014-09-10 20:34:03'),(639,22,10,'126.68975000','45.78097500','黑龙江省哈尔滨市南岗区文庙街','2014-09-10 20:34:05'),(640,22,10,'126.68975000','45.78097500','黑龙江省哈尔滨市南岗区文庙街','2014-09-10 20:34:07'),(641,22,10,'126.68975000','45.78097500','黑龙江省哈尔滨市南岗区文庙街','2014-09-10 20:34:09'),(642,22,10,'126.68975000','45.78097500','黑龙江省哈尔滨市南岗区文庙街','2014-09-10 20:34:11'),(643,22,10,'126.68975000','45.78097500','黑龙江省哈尔滨市南岗区文庙街','2014-09-10 20:34:13'),(644,22,10,'126.69004000','45.78138400','null','2014-09-10 20:34:15'),(645,22,10,'126.69004000','45.78137600','null','2014-09-10 20:34:17'),(646,22,10,'126.69004000','45.78137200','null','2014-09-10 20:34:19'),(647,22,10,'126.69004000','45.78137000','null','2014-09-10 20:34:21'),(648,22,10,'126.69003000','45.78136400','null','2014-09-10 20:34:23'),(649,22,10,'126.69003000','45.78136400','null','2014-09-10 20:34:25'),(650,22,10,'126.69003000','45.78136400','null','2014-09-10 20:34:27'),(651,22,10,'126.69003000','45.78136400','null','2014-09-10 20:34:29'),(652,22,10,'126.68992600','45.78108200','null','2014-09-10 20:34:31'),(653,22,10,'126.68992600','45.78108200','null','2014-09-10 20:34:33'),(654,22,10,'126.68992600','45.78108200','null','2014-09-10 20:34:35'),(655,22,10,'126.68992600','45.78108200','null','2014-09-10 20:34:37'),(656,22,10,'126.68992600','45.78108200','null','2014-09-10 20:34:39'),(657,22,10,'126.68992600','45.78108200','null','2014-09-10 20:34:41'),(658,22,10,'126.68975000','45.78097500','黑龙江省哈尔滨市南岗区文庙街','2014-09-10 20:34:43'),(659,22,10,'126.68975000','45.78097500','黑龙江省哈尔滨市南岗区文庙街','2014-09-10 20:34:45'),(660,22,10,'126.68975000','45.78097500','黑龙江省哈尔滨市南岗区文庙街','2014-09-10 20:34:47'),(661,22,10,'126.68975000','45.78097500','黑龙江省哈尔滨市南岗区文庙街','2014-09-10 20:34:49'),(662,22,10,'126.68975000','45.78097500','黑龙江省哈尔滨市南岗区文庙街','2014-09-10 20:34:51'),(663,22,10,'126.68975000','45.78097500','黑龙江省哈尔滨市南岗区文庙街','2014-09-10 20:34:53'),(664,22,10,'126.68975000','45.78097500','黑龙江省哈尔滨市南岗区文庙街','2014-09-10 20:34:55'),(665,22,10,'126.68975000','45.78097500','黑龙江省哈尔滨市南岗区文庙街','2014-09-10 20:34:57'),(666,22,10,'126.68975000','45.78097500','黑龙江省哈尔滨市南岗区文庙街','2014-09-10 20:34:59'),(667,22,10,'126.68975000','45.78097500','黑龙江省哈尔滨市南岗区文庙街','2014-09-10 20:35:01'),(668,24,12,'126.68702000','45.77663000','黑龙江省哈尔滨市南岗区松鹤路','2014-09-10 23:35:50'),(669,24,12,'126.68704000','45.77667600','黑龙江省哈尔滨市南岗区松鹤路','2014-09-10 23:35:52'),(670,24,12,'126.68705000','45.77667600','黑龙江省哈尔滨市南岗区松鹤路','2014-09-10 23:35:54'),(671,24,12,'126.68709000','45.77666500','黑龙江省哈尔滨市南岗区松鹤路','2014-09-10 23:36:04'),(672,24,12,'126.68716000','45.77663800','黑龙江省哈尔滨市南岗区松鹤路','2014-09-10 23:36:06'),(673,24,12,'126.68716000','45.77663800','黑龙江省哈尔滨市南岗区松鹤路','2014-09-10 23:36:08'),(674,24,12,'126.68699000','45.77657000','黑龙江省哈尔滨市南岗区松鹤路','2014-09-10 23:36:10'),(675,24,12,'126.68699000','45.77657000','黑龙江省哈尔滨市南岗区松鹤路','2014-09-10 23:36:12'),(676,25,10,'126.70566600','45.78203000','黑龙江省哈尔滨市道外区大有坊街88号','2014-09-11 00:16:07'),(677,25,10,'126.70566600','45.78203000','黑龙江省哈尔滨市道外区大有坊街88号','2014-09-11 00:16:09'),(678,25,10,'126.70566600','45.78203000','黑龙江省哈尔滨市道外区大有坊街88号','2014-09-11 00:16:11'),(679,25,10,'126.70566600','45.78203000','黑龙江省哈尔滨市道外区大有坊街88号','2014-09-11 00:16:13'),(680,25,10,'126.70566600','45.78203000','黑龙江省哈尔滨市道外区大有坊街88号','2014-09-11 00:16:15'),(681,25,10,'126.70566600','45.78203000','黑龙江省哈尔滨市道外区大有坊街88号','2014-09-11 00:16:17'),(682,25,10,'126.70566600','45.78203000','黑龙江省哈尔滨市道外区大有坊街88号','2014-09-11 00:16:19'),(683,25,10,'126.70566600','45.78203000','黑龙江省哈尔滨市道外区大有坊街88号','2014-09-11 00:16:21'),(684,25,10,'126.70566600','45.78203000','黑龙江省哈尔滨市道外区大有坊街88号','2014-09-11 00:16:23'),(685,25,10,'126.70566600','45.78203000','黑龙江省哈尔滨市道外区大有坊街88号','2014-09-11 00:16:25'),(686,25,10,'126.70566600','45.78203000','黑龙江省哈尔滨市道外区大有坊街88号','2014-09-11 00:16:27'),(687,25,10,'126.70566600','45.78203000','黑龙江省哈尔滨市道外区大有坊街88号','2014-09-11 00:16:29'),(688,25,10,'126.70566600','45.78203000','黑龙江省哈尔滨市道外区大有坊街88号','2014-09-11 00:16:31'),(689,25,10,'126.70566600','45.78203000','黑龙江省哈尔滨市道外区大有坊街88号','2014-09-11 00:16:33'),(690,25,10,'126.70566600','45.78203000','黑龙江省哈尔滨市道外区大有坊街88号','2014-09-11 00:16:35'),(691,25,10,'126.70566600','45.78203000','黑龙江省哈尔滨市道外区大有坊街88号','2014-09-11 00:16:37'),(692,25,10,'126.70566600','45.78203000','黑龙江省哈尔滨市道外区大有坊街88号','2014-09-11 00:16:39'),(693,25,10,'126.70566600','45.78203000','黑龙江省哈尔滨市道外区大有坊街88号','2014-09-11 00:16:41'),(694,25,10,'126.70566600','45.78203000','黑龙江省哈尔滨市道外区大有坊街88号','2014-09-11 00:16:43'),(695,25,10,'126.70566600','45.78203000','黑龙江省哈尔滨市道外区大有坊街88号','2014-09-11 00:16:45'),(696,25,10,'126.70566600','45.78203000','黑龙江省哈尔滨市道外区大有坊街88号','2014-09-11 00:16:47'),(697,25,10,'126.70566600','45.78203000','黑龙江省哈尔滨市道外区大有坊街88号','2014-09-11 00:16:49'),(698,25,10,'126.70566600','45.78203000','黑龙江省哈尔滨市道外区大有坊街88号','2014-09-11 00:16:51'),(699,25,10,'126.70566600','45.78203000','黑龙江省哈尔滨市道外区大有坊街88号','2014-09-11 00:16:53'),(700,25,10,'126.70566600','45.78203000','黑龙江省哈尔滨市道外区大有坊街88号','2014-09-11 00:16:55'),(701,25,10,'126.70566600','45.78203000','黑龙江省哈尔滨市道外区大有坊街88号','2014-09-11 00:16:58'),(702,25,10,'126.70566600','45.78203000','黑龙江省哈尔滨市道外区大有坊街88号','2014-09-11 00:16:59'),(703,25,10,'126.70566600','45.78203000','黑龙江省哈尔滨市道外区大有坊街88号','2014-09-11 00:17:01'),(704,25,10,'126.70566600','45.78203000','黑龙江省哈尔滨市道外区大有坊街88号','2014-09-11 00:17:03'),(705,25,10,'126.70566600','45.78203000','黑龙江省哈尔滨市道外区大有坊街88号','2014-09-11 00:17:05'),(706,25,10,'126.70566600','45.78203000','黑龙江省哈尔滨市道外区大有坊街88号','2014-09-11 00:17:07'),(707,25,10,'126.70566600','45.78203000','黑龙江省哈尔滨市道外区大有坊街88号','2014-09-11 00:17:09'),(708,25,10,'126.70566600','45.78203000','黑龙江省哈尔滨市道外区大有坊街88号','2014-09-11 00:17:11'),(709,25,10,'126.70566600','45.78203000','黑龙江省哈尔滨市道外区大有坊街88号','2014-09-11 00:17:13'),(710,25,10,'126.70566600','45.78203000','黑龙江省哈尔滨市道外区大有坊街88号','2014-09-11 00:17:15'),(711,25,10,'126.70566600','45.78203000','黑龙江省哈尔滨市道外区大有坊街88号','2014-09-11 00:17:17'),(712,25,10,'126.70566600','45.78203000','黑龙江省哈尔滨市道外区大有坊街88号','2014-09-11 00:17:19'),(713,25,10,'126.70566600','45.78203000','黑龙江省哈尔滨市道外区大有坊街88号','2014-09-11 00:17:21'),(714,25,10,'126.70566600','45.78203000','黑龙江省哈尔滨市道外区大有坊街88号','2014-09-11 00:17:23'),(715,25,10,'126.70566600','45.78203000','黑龙江省哈尔滨市道外区大有坊街88号','2014-09-11 00:17:25'),(716,25,10,'126.70566600','45.78203000','黑龙江省哈尔滨市道外区大有坊街88号','2014-09-11 00:17:27'),(717,25,10,'126.70566600','45.78203000','黑龙江省哈尔滨市道外区大有坊街88号','2014-09-11 00:17:29'),(718,25,10,'126.70566600','45.78203000','黑龙江省哈尔滨市道外区大有坊街88号','2014-09-11 00:17:31'),(719,25,10,'126.70566600','45.78203000','黑龙江省哈尔滨市道外区大有坊街88号','2014-09-11 00:17:33'),(720,25,10,'126.70566600','45.78203000','黑龙江省哈尔滨市道外区大有坊街88号','2014-09-11 00:17:35'),(721,25,10,'126.70566600','45.78203000','黑龙江省哈尔滨市道外区大有坊街88号','2014-09-11 00:17:37'),(722,19,10,'126.70566600','45.78206000','黑龙江省哈尔滨市道外区大有坊街88号','2014-09-11 00:24:25'),(723,19,10,'126.70566600','45.78206000','黑龙江省哈尔滨市道外区大有坊街88号','2014-09-11 00:24:26'),(724,19,10,'126.70600000','45.78199400','黑龙江省哈尔滨市道外区大有坊街86','2014-09-11 00:24:29'),(725,19,10,'126.70600000','45.78199400','黑龙江省哈尔滨市道外区大有坊街86','2014-09-11 00:24:31'),(726,19,10,'126.70600000','45.78199400','黑龙江省哈尔滨市道外区大有坊街86','2014-09-11 00:24:33'),(727,19,10,'126.70596000','45.78201700','黑龙江省哈尔滨市道外区大有坊街86','2014-09-11 00:24:35'),(728,19,10,'126.70596000','45.78201700','黑龙江省哈尔滨市道外区大有坊街86','2014-09-11 00:24:37'),(729,19,10,'126.70596000','45.78201700','黑龙江省哈尔滨市道外区大有坊街86','2014-09-11 00:24:38'),(730,19,10,'126.70596000','45.78201700','黑龙江省哈尔滨市道外区大有坊街86','2014-09-11 00:24:41'),(731,19,10,'126.70596000','45.78201700','黑龙江省哈尔滨市道外区大有坊街86','2014-09-11 00:24:43'),(732,19,10,'126.70596000','45.78201700','黑龙江省哈尔滨市道外区大有坊街86','2014-09-11 00:24:45'),(733,19,10,'126.70596000','45.78201700','黑龙江省哈尔滨市道外区大有坊街86','2014-09-11 00:24:47'),(734,19,10,'126.70596000','45.78201700','黑龙江省哈尔滨市道外区大有坊街86','2014-09-11 00:24:49'),(735,19,10,'126.70596000','45.78201700','黑龙江省哈尔滨市道外区大有坊街86','2014-09-11 00:24:51'),(736,19,10,'126.70596000','45.78201700','黑龙江省哈尔滨市道外区大有坊街86','2014-09-11 00:24:53'),(737,19,10,'126.70596000','45.78201700','黑龙江省哈尔滨市道外区大有坊街86','2014-09-11 00:24:55'),(738,19,10,'126.70596000','45.78201700','黑龙江省哈尔滨市道外区大有坊街86','2014-09-11 00:24:58'),(739,19,10,'126.70596000','45.78201700','黑龙江省哈尔滨市道外区大有坊街86','2014-09-11 00:24:59'),(740,19,10,'126.70596000','45.78201700','黑龙江省哈尔滨市道外区大有坊街86','2014-09-11 00:25:01'),(741,19,10,'126.70596000','45.78201700','黑龙江省哈尔滨市道外区大有坊街86','2014-09-11 00:25:03'),(742,19,10,'126.70596000','45.78201700','黑龙江省哈尔滨市道外区大有坊街86','2014-09-11 00:25:05'),(743,19,10,'126.70596000','45.78201700','黑龙江省哈尔滨市道外区大有坊街86','2014-09-11 00:25:07'),(744,19,10,'126.70596000','45.78201700','黑龙江省哈尔滨市道外区大有坊街86','2014-09-11 00:25:09'),(745,19,10,'126.70596000','45.78201700','黑龙江省哈尔滨市道外区大有坊街86','2014-09-11 00:25:11'),(746,19,10,'126.70596000','45.78201700','黑龙江省哈尔滨市道外区大有坊街86','2014-09-11 00:25:13'),(747,19,10,'126.70596000','45.78201700','黑龙江省哈尔滨市道外区大有坊街86','2014-09-11 00:25:14'),(748,19,10,'126.70596000','45.78201700','黑龙江省哈尔滨市道外区大有坊街86','2014-09-11 00:25:17'),(749,19,10,'126.70596000','45.78201700','黑龙江省哈尔滨市道外区大有坊街86','2014-09-11 00:25:19'),(750,19,10,'126.70596000','45.78201700','黑龙江省哈尔滨市道外区大有坊街86','2014-09-11 00:25:21'),(751,19,10,'126.70596000','45.78201700','黑龙江省哈尔滨市道外区大有坊街86','2014-09-11 00:25:23'),(752,19,10,'126.70596000','45.78201700','黑龙江省哈尔滨市道外区大有坊街86','2014-09-11 00:25:25'),(753,19,10,'126.70596000','45.78201700','黑龙江省哈尔滨市道外区大有坊街86','2014-09-11 00:25:27'),(754,19,10,'126.70596000','45.78201700','黑龙江省哈尔滨市道外区大有坊街86','2014-09-11 00:25:29'),(755,19,10,'126.70596000','45.78201700','黑龙江省哈尔滨市道外区大有坊街86','2014-09-11 00:25:31'),(756,19,10,'126.70596000','45.78201700','黑龙江省哈尔滨市道外区大有坊街86','2014-09-11 00:25:33'),(757,19,10,'126.70596000','45.78201700','黑龙江省哈尔滨市道外区大有坊街86','2014-09-11 00:25:35'),(758,19,10,'126.70596000','45.78201700','黑龙江省哈尔滨市道外区大有坊街86','2014-09-11 00:25:37'),(759,19,10,'126.70596000','45.78201700','黑龙江省哈尔滨市道外区大有坊街86','2014-09-11 00:25:39'),(760,19,10,'126.70596000','45.78201700','黑龙江省哈尔滨市道外区大有坊街86','2014-09-11 00:25:41'),(761,19,10,'126.70596000','45.78201700','黑龙江省哈尔滨市道外区大有坊街86','2014-09-11 00:25:43'),(762,19,10,'126.70566600','45.78207000','黑龙江省哈尔滨市道外区大有坊街88号','2014-09-11 00:25:45'),(763,19,10,'126.70566600','45.78207000','黑龙江省哈尔滨市道外区大有坊街88号','2014-09-11 00:25:47'),(764,19,10,'126.70598600','45.78198600','黑龙江省哈尔滨市道外区大有坊街86','2014-09-11 00:25:49'),(765,19,10,'126.70598600','45.78198600','黑龙江省哈尔滨市道外区大有坊街86','2014-09-11 00:25:51'),(766,19,10,'126.70598600','45.78198600','黑龙江省哈尔滨市道外区大有坊街86','2014-09-11 00:25:53'),(767,19,10,'126.70598600','45.78198600','黑龙江省哈尔滨市道外区大有坊街86','2014-09-11 00:25:55'),(768,19,10,'126.70598600','45.78198600','黑龙江省哈尔滨市道外区大有坊街86','2014-09-11 00:25:57'),(769,19,10,'126.70598600','45.78198600','黑龙江省哈尔滨市道外区大有坊街86','2014-09-11 00:25:59'),(770,19,10,'126.70598600','45.78198600','黑龙江省哈尔滨市道外区大有坊街86','2014-09-11 00:26:01'),(771,19,10,'126.70598600','45.78198600','黑龙江省哈尔滨市道外区大有坊街86','2014-09-11 00:26:03'),(772,19,10,'126.70598600','45.78198600','黑龙江省哈尔滨市道外区大有坊街86','2014-09-11 00:26:05'),(773,19,10,'126.70598600','45.78198600','黑龙江省哈尔滨市道外区大有坊街86','2014-09-11 00:26:07'),(774,19,10,'126.70598600','45.78198600','黑龙江省哈尔滨市道外区大有坊街86','2014-09-11 00:26:09'),(775,19,10,'126.70598600','45.78198600','黑龙江省哈尔滨市道外区大有坊街86','2014-09-11 00:26:11'),(776,19,10,'126.70598600','45.78198600','黑龙江省哈尔滨市道外区大有坊街86','2014-09-11 00:26:13'),(777,26,10,'126.70599000','45.78199800','黑龙江省哈尔滨市道外区大有坊街86','2014-09-11 00:36:20'),(778,26,10,'126.70598000','45.78199000','黑龙江省哈尔滨市道外区大有坊街86','2014-09-11 00:36:22'),(779,26,10,'126.70598000','45.78199000','黑龙江省哈尔滨市道外区大有坊街86','2014-09-11 00:36:24'),(780,26,10,'126.70598000','45.78199000','黑龙江省哈尔滨市道外区大有坊街86','2014-09-11 00:36:26'),(781,26,10,'126.70598000','45.78199000','黑龙江省哈尔滨市道外区大有坊街86','2014-09-11 00:36:28'),(782,26,10,'126.70568000','45.78193300','黑龙江省哈尔滨市道外区大有坊街88号','2014-09-11 00:36:30'),(783,26,10,'126.70568000','45.78193300','黑龙江省哈尔滨市道外区大有坊街88号','2014-09-11 00:36:32'),(784,26,10,'126.70544000','45.78209000','黑龙江省哈尔滨市道外区大有坊街72','2014-09-11 00:36:34'),(785,26,10,'126.70544000','45.78209000','黑龙江省哈尔滨市道外区大有坊街72','2014-09-11 00:36:36'),(786,26,10,'126.70566000','45.78197000','黑龙江省哈尔滨市道外区大有坊街88号','2014-09-11 00:36:38'),(787,26,10,'126.70566000','45.78197000','黑龙江省哈尔滨市道外区大有坊街88号','2014-09-11 00:36:40'),(788,26,10,'126.70569600','45.78191800','黑龙江省哈尔滨市道外区大有坊街88号','2014-09-11 00:36:42'),(789,26,10,'126.70569600','45.78191800','黑龙江省哈尔滨市道外区大有坊街88号','2014-09-11 00:36:46'),(790,26,10,'126.70569600','45.78191800','黑龙江省哈尔滨市道外区大有坊街88号','2014-09-11 00:36:46'),(791,26,10,'126.70569600','45.78191800','黑龙江省哈尔滨市道外区大有坊街88号','2014-09-11 00:36:49'),(792,26,10,'126.70569600','45.78191800','黑龙江省哈尔滨市道外区大有坊街88号','2014-09-11 00:36:50'),(793,26,10,'126.70569600','45.78191800','黑龙江省哈尔滨市道外区大有坊街88号','2014-09-11 00:36:52'),(794,26,10,'126.70569600','45.78191800','黑龙江省哈尔滨市道外区大有坊街88号','2014-09-11 00:36:54'),(795,26,10,'126.70569600','45.78191800','黑龙江省哈尔滨市道外区大有坊街88号','2014-09-11 00:36:56'),(796,26,10,'126.70569600','45.78191800','黑龙江省哈尔滨市道外区大有坊街88号','2014-09-11 00:36:58'),(797,26,10,'126.70569600','45.78191800','黑龙江省哈尔滨市道外区大有坊街88号','2014-09-11 00:37:00'),(798,26,10,'126.70569600','45.78191800','黑龙江省哈尔滨市道外区大有坊街88号','2014-09-11 00:37:02'),(799,26,10,'126.70569600','45.78191800','黑龙江省哈尔滨市道外区大有坊街88号','2014-09-11 00:37:04'),(800,26,10,'126.70569600','45.78191800','黑龙江省哈尔滨市道外区大有坊街88号','2014-09-11 00:37:06'),(801,26,10,'126.70572000','45.78201700','黑龙江省哈尔滨市道外区大有坊街88号','2014-09-11 00:37:08'),(802,26,10,'126.70572000','45.78201700','黑龙江省哈尔滨市道外区大有坊街88号','2014-09-11 00:37:10'),(803,26,10,'126.70566600','45.78194800','黑龙江省哈尔滨市道外区大有坊街88号','2014-09-11 00:37:12'),(804,26,10,'126.70566600','45.78194800','黑龙江省哈尔滨市道外区大有坊街88号','2014-09-11 00:37:14'),(805,26,10,'126.70566600','45.78194800','黑龙江省哈尔滨市道外区大有坊街88号','2014-09-11 00:37:16'),(806,26,10,'126.70566600','45.78194800','黑龙江省哈尔滨市道外区大有坊街88号','2014-09-11 00:37:18'),(807,26,10,'126.70566600','45.78195600','黑龙江省哈尔滨市道外区大有坊街88号','2014-09-11 00:37:20'),(808,26,10,'126.70566600','45.78195600','黑龙江省哈尔滨市道外区大有坊街88号','2014-09-11 00:37:22'),(809,26,10,'126.70598000','45.78198200','黑龙江省哈尔滨市道外区大有坊街86','2014-09-11 00:37:24'),(810,26,10,'126.70598000','45.78198200','黑龙江省哈尔滨市道外区大有坊街86','2014-09-11 00:37:26'),(811,26,10,'126.70598000','45.78198200','黑龙江省哈尔滨市道外区大有坊街86','2014-09-11 00:37:28'),(812,26,10,'126.70598000','45.78198200','黑龙江省哈尔滨市道外区大有坊街86','2014-09-11 00:37:30'),(813,26,10,'126.70566600','45.78193300','黑龙江省哈尔滨市道外区大有坊街88号','2014-09-11 00:37:32'),(814,26,10,'126.70566600','45.78193300','黑龙江省哈尔滨市道外区大有坊街88号','2014-09-11 00:37:34'),(815,26,10,'126.70573000','45.78192000','黑龙江省哈尔滨市道外区大有坊街88号','2014-09-11 00:37:36'),(816,26,10,'126.70573000','45.78192000','黑龙江省哈尔滨市道外区大有坊街88号','2014-09-11 00:37:38'),(817,26,10,'126.70573000','45.78192000','黑龙江省哈尔滨市道外区大有坊街88号','2014-09-11 00:37:40'),(818,26,10,'126.70573000','45.78192000','黑龙江省哈尔滨市道外区大有坊街88号','2014-09-11 00:37:42'),(819,26,10,'126.70573000','45.78192000','黑龙江省哈尔滨市道外区大有坊街88号','2014-09-11 00:37:44'),(820,26,10,'126.70572000','45.78203000','黑龙江省哈尔滨市道外区大有坊街88号','2014-09-11 00:37:46'),(821,26,10,'126.70572000','45.78203000','黑龙江省哈尔滨市道外区大有坊街88号','2014-09-11 00:37:48'),(822,26,10,'126.70572000','45.78203000','黑龙江省哈尔滨市道外区大有坊街88号','2014-09-11 00:37:50'),(823,26,10,'126.70601000','45.78197000','黑龙江省哈尔滨市道外区大有坊街86','2014-09-11 00:37:52'),(824,26,10,'126.70601000','45.78197000','黑龙江省哈尔滨市道外区大有坊街86','2014-09-11 00:37:55'),(825,26,10,'126.70601000','45.78197000','黑龙江省哈尔滨市道外区大有坊街86','2014-09-11 00:37:56'),(826,26,10,'126.70601000','45.78197000','黑龙江省哈尔滨市道外区大有坊街86','2014-09-11 00:37:58'),(827,26,10,'126.70601000','45.78197000','黑龙江省哈尔滨市道外区大有坊街86','2014-09-11 00:38:00'),(828,26,10,'126.70601000','45.78197000','黑龙江省哈尔滨市道外区大有坊街86','2014-09-11 00:38:03'),(829,26,10,'126.70564000','45.78198600','黑龙江省哈尔滨市道外区大有坊街88号','2014-09-11 00:38:04'),(830,26,10,'126.70605000','45.78199400','黑龙江省哈尔滨市道外区大有坊街86','2014-09-11 00:38:07'),(831,26,10,'126.70605000','45.78199400','黑龙江省哈尔滨市道外区大有坊街86','2014-09-11 00:38:08'),(832,26,10,'126.70605000','45.78199400','黑龙江省哈尔滨市道外区大有坊街86','2014-09-11 00:38:11'),(833,26,10,'126.70605000','45.78199400','黑龙江省哈尔滨市道外区大有坊街86','2014-09-11 00:38:12'),(834,16,7,'126.68992600','45.78109000','黑龙江省哈尔滨市南岗区文庙街','2014-09-11 09:15:28'),(835,16,7,'126.68992600','45.78109000','黑龙江省哈尔滨市南岗区文庙街','2014-09-11 09:15:30'),(836,16,7,'126.68992600','45.78109000','黑龙江省哈尔滨市南岗区文庙街','2014-09-11 09:15:32'),(837,16,7,'126.68992600','45.78109000','黑龙江省哈尔滨市南岗区文庙街','2014-09-11 09:15:34'),(838,16,7,'126.68992600','45.78109000','黑龙江省哈尔滨市南岗区文庙街','2014-09-11 09:15:36'),(839,16,7,'126.68992600','45.78109000','黑龙江省哈尔滨市南岗区文庙街','2014-09-11 09:15:38'),(840,16,7,'126.68992600','45.78109000','黑龙江省哈尔滨市南岗区文庙街','2014-09-11 09:15:40'),(841,16,7,'126.68992600','45.78109000','黑龙江省哈尔滨市南岗区文庙街','2014-09-11 09:15:42'),(842,16,7,'126.68992600','45.78109000','黑龙江省哈尔滨市南岗区文庙街','2014-09-11 09:15:44'),(843,16,7,'126.68992600','45.78109000','黑龙江省哈尔滨市南岗区文庙街','2014-09-11 09:15:46'),(844,16,7,'126.68992600','45.78109000','黑龙江省哈尔滨市南岗区文庙街','2014-09-11 09:15:48'),(845,16,7,'126.68992600','45.78109000','黑龙江省哈尔滨市南岗区文庙街','2014-09-11 09:15:50'),(846,16,7,'126.68985000','45.78095600','黑龙江省哈尔滨市南岗区文庙街','2014-09-11 16:39:02'),(847,30,7,'126.68980400','45.78103000','黑龙江省哈尔滨市南岗区文庙街','2014-09-11 16:42:48'),(848,30,7,'126.68980400','45.78103000','黑龙江省哈尔滨市南岗区文庙街','2014-09-11 16:43:48'),(849,30,7,'126.68985000','45.78102000','黑龙江省哈尔滨市南岗区文庙街','2014-09-11 16:44:48'),(850,30,7,'126.68983500','45.78093300','黑龙江省哈尔滨市南岗区文庙街','2014-09-11 16:45:48'),(851,30,7,'126.68980400','45.78096000','黑龙江省哈尔滨市南岗区文庙街','2014-09-11 16:46:48'),(852,30,7,'126.68980400','45.78096000','黑龙江省哈尔滨市南岗区文庙街','2014-09-11 16:47:48'),(853,30,7,'126.68980400','45.78096000','黑龙江省哈尔滨市南岗区文庙街','2014-09-11 16:48:48'),(854,30,7,'126.68980400','45.78096000','黑龙江省哈尔滨市南岗区文庙街','2014-09-11 16:49:48'),(855,30,7,'126.68981000','45.78100600','黑龙江省哈尔滨市南岗区文庙街','2014-09-11 16:50:48'),(856,30,7,'126.68981000','45.78100600','黑龙江省哈尔滨市南岗区文庙街','2014-09-11 16:51:48'),(857,30,7,'126.68981000','45.78100600','黑龙江省哈尔滨市南岗区文庙街','2014-09-11 16:52:48'),(858,30,7,'126.68981000','45.78100600','黑龙江省哈尔滨市南岗区文庙街','2014-09-11 16:53:49'),(859,30,7,'126.68981000','45.78100600','黑龙江省哈尔滨市南岗区文庙街','2014-09-11 16:54:50'),(860,30,7,'126.68985000','45.78107500','黑龙江省哈尔滨市南岗区文庙街','2014-09-11 16:55:50'),(861,30,7,'126.68985000','45.78105500','黑龙江省哈尔滨市南岗区文庙街','2014-09-11 16:56:49'),(862,30,7,'126.68981000','45.78105000','黑龙江省哈尔滨市南岗区文庙街','2014-09-11 16:57:49'),(863,30,7,'126.68981000','45.78101000','黑龙江省哈尔滨市南岗区文庙街','2014-09-11 16:58:49'),(864,30,7,'126.68981000','45.78101000','黑龙江省哈尔滨市南岗区文庙街','2014-09-11 16:59:49'),(865,30,7,'126.68981000','45.78101000','黑龙江省哈尔滨市南岗区文庙街','2014-09-11 17:00:49'),(866,30,7,'126.68981000','45.78101000','黑龙江省哈尔滨市南岗区文庙街','2014-09-11 17:01:49'),(867,30,7,'126.68981000','45.78101000','黑龙江省哈尔滨市南岗区文庙街','2014-09-11 17:02:49'),(868,30,7,'126.68981000','45.78101000','黑龙江省哈尔滨市南岗区文庙街','2014-09-11 17:03:49'),(869,30,7,'126.68981000','45.78101000','黑龙江省哈尔滨市南岗区文庙街','2014-09-11 17:04:49'),(870,30,7,'126.68978000','45.78092200','黑龙江省哈尔滨市南岗区文庙街','2014-09-11 17:05:49'),(871,30,7,'126.68978000','45.78092200','黑龙江省哈尔滨市南岗区文庙街','2014-09-11 17:06:49'),(872,30,7,'126.68985000','45.78106000','黑龙江省哈尔滨市南岗区文庙街','2014-09-11 17:07:50'),(873,30,7,'126.68985000','45.78106000','黑龙江省哈尔滨市南岗区文庙街','2014-09-11 17:08:49'),(874,30,7,'126.68985000','45.78106000','黑龙江省哈尔滨市南岗区文庙街','2014-09-11 17:09:49'),(875,13,7,'126.68985000','45.78106000','黑龙江省哈尔滨市南岗区文庙街','2014-09-11 17:09:59'),(876,13,7,'126.68985000','45.78106000','黑龙江省哈尔滨市南岗区文庙街','2014-09-11 17:10:49'),(877,13,7,'126.68987000','45.78101700','黑龙江省哈尔滨市南岗区文庙街','2014-09-11 17:10:59'),(878,13,7,'126.68982000','45.78098000','黑龙江省哈尔滨市南岗区文庙街','2014-09-11 17:11:50'),(879,13,7,'126.68982000','45.78098000','黑龙江省哈尔滨市南岗区文庙街','2014-09-11 17:11:59'),(880,23,10,'126.68983500','45.78106300','黑龙江省哈尔滨市南岗区文庙街','2014-09-11 17:23:01'),(881,23,10,'126.68983500','45.78106300','黑龙江省哈尔滨市南岗区文庙街','2014-09-11 17:24:01'),(882,23,10,'126.68983500','45.78106300','黑龙江省哈尔滨市南岗区文庙街','2014-09-11 17:25:01'),(883,23,10,'126.68984000','45.78104800','黑龙江省哈尔滨市南岗区文庙街','2014-09-11 17:26:01'),(884,23,10,'126.68984000','45.78104800','黑龙江省哈尔滨市南岗区文庙街','2014-09-11 17:27:01'),(885,23,10,'126.68984000','45.78111600','黑龙江省哈尔滨市南岗区文庙街','2014-09-11 17:28:01'),(886,23,10,'126.68986000','45.78119700','黑龙江省哈尔滨市南岗区文庙街','2014-09-11 17:29:01'),(887,23,10,'126.68983000','45.78112800','黑龙江省哈尔滨市南岗区文庙街','2014-09-11 17:30:01'),(888,23,10,'126.68984000','45.78105000','黑龙江省哈尔滨市南岗区文庙街','2014-09-11 17:31:01'),(889,23,10,'126.68980400','45.78100200','黑龙江省哈尔滨市南岗区文庙街','2014-09-11 17:32:01'),(890,31,16,'116.34337000','39.81105000','北京市丰台区黄陈路','2014-09-11 22:55:12'),(891,31,16,'116.34337000','39.81105000','北京市丰台区黄陈路','2014-09-11 22:56:13'),(892,31,16,'116.34345000','39.81100000','北京市丰台区京良路','2014-09-11 22:57:55'),(893,31,16,'116.34334600','39.81091700','北京市丰台区京良路','2014-09-11 22:59:21'),(894,32,16,'116.28611000','39.76618000','北京市大兴区金星路','2014-09-12 11:52:35'),(895,32,16,'116.28768000','39.76356000','北京市大兴区芦求路','2014-09-12 11:53:36'),(896,32,16,'116.28768000','39.76356000','北京市大兴区芦求路','2014-09-12 12:12:03'),(897,32,16,'116.28768000','39.76356000','北京市大兴区芦求路','2014-09-12 12:23:00'),(898,32,16,'116.28773000','39.76360300','北京市大兴区芦求路','2014-09-12 12:30:36'),(899,11,15,'126.63333000','45.75000000','黑龙江省哈尔滨市南岗区松花江街道哈尔滨工业大学西苑小区','2014-09-12 23:50:13'),(900,11,15,'126.63333000','45.75000000','黑龙江省哈尔滨市南岗区松花江街道哈尔滨工业大学西苑小区','2014-09-12 23:50:43'),(901,11,15,'126.63333000','45.75000000','黑龙江省哈尔滨市南岗区松花江街道哈尔滨工业大学西苑小区','2014-09-12 23:51:13'),(902,11,15,'126.63333000','45.75000000','黑龙江省哈尔滨市南岗区松花江街道哈尔滨工业大学西苑小区','2014-09-12 23:51:43'),(903,11,15,'126.63333000','45.75000000','黑龙江省哈尔滨市南岗区松花江街道哈尔滨工业大学西苑小区','2014-09-12 23:54:38'),(904,27,15,'126.63333000','45.75000000','黑龙江省哈尔滨市南岗区松花江街道哈尔滨工业大学西苑小区','2014-09-12 23:58:39'),(905,27,15,'126.63333000','45.75000000','黑龙江省哈尔滨市南岗区松花江街道哈尔滨工业大学西苑小区','2014-09-12 23:59:09'),(906,38,16,'116.34302500','39.81154600','北京市丰台区黄陈路','2014-09-14 00:23:01'),(907,38,16,'116.34341400','39.81088000','北京市丰台区京良路','2014-09-14 00:24:04'),(908,38,16,'116.34302000','39.81163000','北京市丰台区黄陈路','2014-09-14 00:28:14'),(909,38,16,'116.34302000','39.81163000','北京市丰台区黄陈路','2014-09-14 00:29:14'),(910,38,16,'116.34302000','39.81163000','北京市丰台区黄陈路','2014-09-14 00:30:14'),(911,38,16,'116.34302000','39.81163000','北京市丰台区黄陈路','2014-09-14 00:31:14'),(912,38,16,'116.34338000','39.81089800','北京市丰台区京良路','2014-09-14 00:32:17'),(913,38,16,'116.34358000','39.81085600','北京市丰台区京良路','2014-09-14 00:33:31'),(914,38,16,'116.34358000','39.81085600','北京市丰台区京良路','2014-09-14 00:34:31'),(915,38,16,'116.34358000','39.81085600','北京市丰台区京良路','2014-09-14 00:35:31'),(916,38,16,'116.34358000','39.81085600','北京市丰台区京良路','2014-09-14 00:36:31'),(917,38,16,'116.34358000','39.81085600','北京市丰台区京良路','2014-09-14 00:37:31'),(918,38,16,'116.34358000','39.81085600','北京市丰台区京良路','2014-09-14 00:38:31'),(919,38,16,'116.34358000','39.81085600','北京市丰台区京良路','2014-09-14 00:39:31'),(920,38,16,'116.34358000','39.81085600','北京市丰台区京良路','2014-09-14 00:40:31'),(921,38,16,'116.34358000','39.81085600','北京市丰台区京良路','2014-09-14 00:41:31'),(922,38,16,'116.34350000','39.81088600','北京市丰台区京良路','2014-09-14 00:42:31'),(923,38,16,'116.34350000','39.81088600','北京市丰台区京良路','2014-09-14 00:43:31'),(924,38,16,'116.34363600','39.81091000','北京市丰台区京良路','2014-09-14 00:44:31'),(925,38,16,'116.34345000','39.81089000','北京市丰台区京良路','2014-09-14 00:45:31'),(926,38,16,'116.34345000','39.81089000','北京市丰台区京良路','2014-09-14 00:46:31'),(927,38,16,'116.34345000','39.81089000','北京市丰台区京良路','2014-09-14 00:47:31'),(928,38,16,'116.34345000','39.81089000','北京市丰台区京良路','2014-09-14 00:48:31'),(929,38,16,'116.34345000','39.81089000','北京市丰台区京良路','2014-09-14 00:49:31'),(930,38,16,'116.34363600','39.81091000','北京市丰台区京良路','2014-09-14 00:50:31'),(931,38,16,'116.34363600','39.81091000','北京市丰台区京良路','2014-09-14 00:51:32'),(932,38,16,'116.34344500','39.81088300','北京市丰台区京良路','2014-09-14 00:52:31'),(933,38,16,'116.34344500','39.81088300','北京市丰台区京良路','2014-09-14 00:53:31'),(934,38,16,'116.34344500','39.81088300','北京市丰台区京良路','2014-09-14 00:54:32'),(935,38,16,'116.34344500','39.81088300','北京市丰台区京良路','2014-09-14 00:55:31'),(936,38,16,'116.34344500','39.81088300','北京市丰台区京良路','2014-09-14 00:56:32'),(937,38,16,'116.34344500','39.81088300','北京市丰台区京良路','2014-09-14 00:57:31'),(938,38,16,'116.34344500','39.81088300','北京市丰台区京良路','2014-09-14 00:58:31'),(939,38,16,'116.34344500','39.81088300','北京市丰台区京良路','2014-09-14 00:59:31'),(940,38,16,'116.34344500','39.81088300','北京市丰台区京良路','2014-09-14 01:00:31'),(941,38,16,'116.34344500','39.81088300','北京市丰台区京良路','2014-09-14 01:01:31'),(942,38,16,'116.34344500','39.81088300','北京市丰台区京良路','2014-09-14 01:02:31'),(943,38,16,'116.34344500','39.81088300','北京市丰台区京良路','2014-09-14 01:03:31'),(944,38,16,'116.34344500','39.81088300','北京市丰台区京良路','2014-09-14 01:04:31'),(945,38,16,'116.34344500','39.81088300','北京市丰台区京良路','2014-09-14 01:05:31'),(946,38,16,'116.34344500','39.81088300','北京市丰台区京良路','2014-09-14 01:06:31'),(947,38,16,'116.34344500','39.81088300','北京市丰台区京良路','2014-09-14 01:07:31'),(948,38,16,'116.34344500','39.81088300','北京市丰台区京良路','2014-09-14 01:08:31'),(949,38,16,'116.34344500','39.81088300','北京市丰台区京良路','2014-09-14 01:09:31'),(950,38,16,'116.34344500','39.81088300','北京市丰台区京良路','2014-09-14 01:10:31'),(951,38,16,'116.34344500','39.81088300','北京市丰台区京良路','2014-09-14 01:11:31'),(952,38,16,'116.34344500','39.81088300','北京市丰台区京良路','2014-09-14 01:12:31'),(953,38,16,'116.34344500','39.81088300','北京市丰台区京良路','2014-09-14 01:13:32'),(954,38,16,'116.34344500','39.81088300','北京市丰台区京良路','2014-09-14 01:14:31'),(955,38,16,'116.34331000','39.81098000','北京市丰台区黄陈路','2014-09-14 01:15:31'),(956,38,16,'116.34351000','39.81094400','北京市丰台区京良路','2014-09-14 01:16:31'),(957,38,16,'116.34351000','39.81094400','北京市丰台区京良路','2014-09-14 01:17:31'),(958,38,16,'116.34328000','39.81098600','北京市丰台区黄陈路','2014-09-14 01:18:32'),(959,38,16,'116.34328000','39.81098600','北京市丰台区黄陈路','2014-09-14 01:19:31'),(960,38,16,'116.34328000','39.81098600','北京市丰台区黄陈路','2014-09-14 01:20:31'),(961,38,16,'116.34328000','39.81098600','北京市丰台区黄陈路','2014-09-14 01:21:31'),(962,38,16,'116.34328000','39.81098600','北京市丰台区黄陈路','2014-09-14 01:22:32'),(963,38,16,'116.34328000','39.81098600','北京市丰台区黄陈路','2014-09-14 01:23:32'),(964,38,16,'116.34328000','39.81098600','北京市丰台区黄陈路','2014-09-14 01:24:31'),(965,38,16,'116.34328000','39.81098600','北京市丰台区黄陈路','2014-09-14 01:25:31'),(966,38,16,'116.34336000','39.81096600','北京市丰台区京良路','2014-09-14 01:26:31'),(967,38,16,'116.34336000','39.81096600','北京市丰台区京良路','2014-09-14 01:27:31'),(968,38,16,'116.34336000','39.81096600','北京市丰台区京良路','2014-09-14 01:28:31'),(969,38,16,'116.34347500','39.81088000','北京市丰台区京良路','2014-09-14 01:29:31'),(970,38,16,'116.34347500','39.81088000','北京市丰台区京良路','2014-09-14 01:30:31'),(971,38,16,'116.34347500','39.81088000','北京市丰台区京良路','2014-09-14 01:31:31'),(972,38,16,'116.34347500','39.81088000','北京市丰台区京良路','2014-09-14 01:32:31'),(973,38,16,'116.34347500','39.81088000','北京市丰台区京良路','2014-09-14 01:33:31'),(974,38,16,'116.34347500','39.81088000','北京市丰台区京良路','2014-09-14 01:34:31'),(975,38,16,'116.34347500','39.81088000','北京市丰台区京良路','2014-09-14 01:35:31'),(976,38,16,'116.34347500','39.81088000','北京市丰台区京良路','2014-09-14 01:36:31'),(977,38,16,'116.34347500','39.81088000','北京市丰台区京良路','2014-09-14 01:37:31'),(978,38,16,'116.34347500','39.81088000','北京市丰台区京良路','2014-09-14 01:38:31'),(979,38,16,'116.34347500','39.81088000','北京市丰台区京良路','2014-09-14 01:39:31'),(980,38,16,'116.34347500','39.81088000','北京市丰台区京良路','2014-09-14 01:40:31'),(981,38,16,'116.34347500','39.81088000','北京市丰台区京良路','2014-09-14 01:41:31'),(982,38,16,'116.34347500','39.81088000','北京市丰台区京良路','2014-09-14 01:42:32'),(983,38,16,'116.34347500','39.81088000','北京市丰台区京良路','2014-09-14 01:43:31'),(984,38,16,'116.34347500','39.81088000','北京市丰台区京良路','2014-09-14 01:44:32'),(985,38,16,'116.34347500','39.81088000','北京市丰台区京良路','2014-09-14 01:45:31'),(986,38,16,'116.34347500','39.81088000','北京市丰台区京良路','2014-09-14 01:46:31'),(987,38,16,'116.34347500','39.81088000','北京市丰台区京良路','2014-09-14 01:47:31'),(988,38,16,'116.34347500','39.81088000','北京市丰台区京良路','2014-09-14 01:48:31'),(989,38,16,'116.34347500','39.81088000','北京市丰台区京良路','2014-09-14 01:49:31'),(990,38,16,'116.34347500','39.81088000','北京市丰台区京良路','2014-09-14 01:50:31'),(991,38,16,'116.34347500','39.81088000','北京市丰台区京良路','2014-09-14 01:51:31'),(992,38,16,'116.34347500','39.81088000','北京市丰台区京良路','2014-09-14 01:52:31'),(993,38,16,'116.34347500','39.81088000','北京市丰台区京良路','2014-09-14 01:53:32'),(994,38,16,'116.34347500','39.81088000','北京市丰台区京良路','2014-09-14 01:54:32'),(995,38,16,'116.34347500','39.81088000','北京市丰台区京良路','2014-09-14 01:55:32'),(996,38,16,'116.34347500','39.81088000','北京市丰台区京良路','2014-09-14 01:56:31'),(997,38,16,'116.34347500','39.81088000','北京市丰台区京良路','2014-09-14 01:57:33'),(998,38,16,'116.34347500','39.81088000','北京市丰台区京良路','2014-09-14 01:58:31'),(999,38,16,'116.34347500','39.81088000','北京市丰台区京良路','2014-09-14 01:59:31'),(1000,38,16,'116.34347500','39.81088000','北京市丰台区京良路','2014-09-14 02:00:31'),(1001,38,16,'116.34347500','39.81088000','北京市丰台区京良路','2014-09-14 02:01:31'),(1002,38,16,'116.34347500','39.81088000','北京市丰台区京良路','2014-09-14 02:02:31'),(1003,38,16,'116.34347500','39.81088000','北京市丰台区京良路','2014-09-14 02:03:31'),(1004,38,16,'116.34347500','39.81088000','北京市丰台区京良路','2014-09-14 02:04:33'),(1005,38,16,'116.34347500','39.81088000','北京市丰台区京良路','2014-09-14 02:05:31'),(1006,38,16,'116.34347500','39.81088000','北京市丰台区京良路','2014-09-14 02:06:32'),(1007,38,16,'116.34347500','39.81088000','北京市丰台区京良路','2014-09-14 02:07:32'),(1008,38,16,'116.34347500','39.81088000','北京市丰台区京良路','2014-09-14 02:08:31'),(1009,38,16,'116.34347500','39.81088000','北京市丰台区京良路','2014-09-14 02:09:31'),(1010,38,16,'116.34347500','39.81088000','北京市丰台区京良路','2014-09-14 02:10:31'),(1011,38,16,'116.34347500','39.81088000','北京市丰台区京良路','2014-09-14 02:11:31'),(1012,38,16,'116.34347500','39.81088000','北京市丰台区京良路','2014-09-14 02:12:32'),(1013,38,16,'116.34347500','39.81088000','北京市丰台区京良路','2014-09-14 02:13:31'),(1014,38,16,'116.34347500','39.81088000','北京市丰台区京良路','2014-09-14 02:14:31'),(1015,38,16,'116.34347500','39.81088000','北京市丰台区京良路','2014-09-14 02:15:31'),(1016,38,16,'116.34347500','39.81088000','北京市丰台区京良路','2014-09-14 02:16:32'),(1017,38,16,'116.34347500','39.81088000','北京市丰台区京良路','2014-09-14 02:17:32'),(1018,38,16,'116.34347500','39.81088000','北京市丰台区京良路','2014-09-14 02:18:32'),(1019,38,16,'116.34347500','39.81088000','北京市丰台区京良路','2014-09-14 02:19:32'),(1020,38,16,'116.34347500','39.81088000','北京市丰台区京良路','2014-09-14 02:20:31'),(1021,38,16,'116.34347500','39.81088000','北京市丰台区京良路','2014-09-14 02:21:31'),(1022,38,16,'116.34347500','39.81088000','北京市丰台区京良路','2014-09-14 02:22:31'),(1023,38,16,'116.34347500','39.81088000','北京市丰台区京良路','2014-09-14 02:23:31'),(1024,38,16,'116.34347500','39.81088000','北京市丰台区京良路','2014-09-14 02:24:31'),(1025,38,16,'116.34347500','39.81088000','北京市丰台区京良路','2014-09-14 02:25:31'),(1026,38,16,'116.34347500','39.81088000','北京市丰台区京良路','2014-09-14 02:26:31'),(1027,38,16,'116.34347500','39.81088000','北京市丰台区京良路','2014-09-14 02:27:31'),(1028,38,16,'116.34347500','39.81088000','北京市丰台区京良路','2014-09-14 02:28:31'),(1029,38,16,'116.34347500','39.81088000','北京市丰台区京良路','2014-09-14 02:29:31'),(1030,38,16,'116.34347500','39.81088000','北京市丰台区京良路','2014-09-14 02:30:31'),(1031,38,16,'116.34347500','39.81088000','北京市丰台区京良路','2014-09-14 02:31:31'),(1032,38,16,'116.34347500','39.81088000','北京市丰台区京良路','2014-09-14 02:32:31'),(1033,38,16,'116.34347500','39.81088000','北京市丰台区京良路','2014-09-14 02:33:31'),(1034,38,16,'116.34347500','39.81088000','北京市丰台区京良路','2014-09-14 02:34:31'),(1035,38,16,'116.34327000','39.81100000','北京市丰台区黄陈路','2014-09-14 02:35:32'),(1036,38,16,'116.34347000','39.81088600','北京市丰台区京良路','2014-09-14 02:36:32'),(1037,38,16,'116.34347000','39.81088600','北京市丰台区京良路','2014-09-14 02:37:32'),(1038,38,16,'116.34347000','39.81088600','北京市丰台区京良路','2014-09-14 02:38:32'),(1039,38,16,'116.34347000','39.81088600','北京市丰台区京良路','2014-09-14 02:39:32'),(1040,38,16,'116.34347000','39.81088600','北京市丰台区京良路','2014-09-14 02:40:31'),(1041,38,16,'116.34347000','39.81088600','北京市丰台区京良路','2014-09-14 02:41:31'),(1042,38,16,'116.34347000','39.81088600','北京市丰台区京良路','2014-09-14 02:42:31'),(1043,38,16,'116.34347000','39.81088600','北京市丰台区京良路','2014-09-14 02:43:31'),(1044,38,16,'116.34347000','39.81088600','北京市丰台区京良路','2014-09-14 02:44:31'),(1045,38,16,'116.34347000','39.81088600','北京市丰台区京良路','2014-09-14 02:45:31'),(1046,38,16,'116.34347000','39.81088600','北京市丰台区京良路','2014-09-14 02:46:31'),(1047,38,16,'116.34347000','39.81088600','北京市丰台区京良路','2014-09-14 02:47:32'),(1048,38,16,'116.34347000','39.81088600','北京市丰台区京良路','2014-09-14 02:48:32'),(1049,38,16,'116.34347000','39.81088600','北京市丰台区京良路','2014-09-14 02:49:32'),(1050,38,16,'116.34347000','39.81088600','北京市丰台区京良路','2014-09-14 02:50:32'),(1051,38,16,'116.34347000','39.81088600','北京市丰台区京良路','2014-09-14 02:51:32'),(1052,38,16,'116.34347000','39.81088600','北京市丰台区京良路','2014-09-14 02:52:31'),(1053,38,16,'116.34347000','39.81088600','北京市丰台区京良路','2014-09-14 02:53:31'),(1054,38,16,'116.34347000','39.81088600','北京市丰台区京良路','2014-09-14 02:54:31'),(1055,38,16,'116.34347000','39.81088600','北京市丰台区京良路','2014-09-14 02:55:32'),(1056,38,16,'116.34347000','39.81088600','北京市丰台区京良路','2014-09-14 02:56:31'),(1057,38,16,'116.34347000','39.81088600','北京市丰台区京良路','2014-09-14 02:57:31'),(1058,38,16,'116.34347000','39.81088600','北京市丰台区京良路','2014-09-14 02:58:31'),(1059,38,16,'116.34347000','39.81088600','北京市丰台区京良路','2014-09-14 02:59:32'),(1060,38,16,'116.34347000','39.81088600','北京市丰台区京良路','2014-09-14 03:00:32'),(1061,38,16,'116.34347000','39.81088600','北京市丰台区京良路','2014-09-14 03:01:33'),(1062,38,16,'116.34347000','39.81088600','北京市丰台区京良路','2014-09-14 03:02:32'),(1063,38,16,'116.34347000','39.81088600','北京市丰台区京良路','2014-09-14 03:03:31'),(1064,38,16,'116.34347000','39.81088600','北京市丰台区京良路','2014-09-14 03:04:31'),(1065,38,16,'116.34347000','39.81088600','北京市丰台区京良路','2014-09-14 03:05:31'),(1066,38,16,'116.34347000','39.81088600','北京市丰台区京良路','2014-09-14 03:06:31'),(1067,38,16,'116.34347000','39.81088600','北京市丰台区京良路','2014-09-14 03:07:31'),(1068,38,16,'116.34347000','39.81088600','北京市丰台区京良路','2014-09-14 03:08:31'),(1069,38,16,'116.34347000','39.81088600','北京市丰台区京良路','2014-09-14 03:09:32'),(1070,38,16,'116.34347000','39.81088600','北京市丰台区京良路','2014-09-14 03:10:32'),(1071,38,16,'116.34347000','39.81088600','北京市丰台区京良路','2014-09-14 03:11:32'),(1072,38,16,'116.34347000','39.81088600','北京市丰台区京良路','2014-09-14 03:12:31'),(1073,38,16,'116.34347000','39.81088600','北京市丰台区京良路','2014-09-14 03:13:31'),(1074,38,16,'116.34347000','39.81088600','北京市丰台区京良路','2014-09-14 03:14:31'),(1075,38,16,'116.34347000','39.81088600','北京市丰台区京良路','2014-09-14 03:15:31'),(1076,38,16,'116.34347000','39.81088600','北京市丰台区京良路','2014-09-14 03:16:31'),(1077,38,16,'116.34347000','39.81088600','北京市丰台区京良路','2014-09-14 03:17:31'),(1078,38,16,'116.34347000','39.81088600','北京市丰台区京良路','2014-09-14 03:18:31'),(1079,38,16,'116.34347000','39.81088600','北京市丰台区京良路','2014-09-14 03:19:31'),(1080,38,16,'116.34347000','39.81088600','北京市丰台区京良路','2014-09-14 03:20:31'),(1081,38,16,'116.34347000','39.81088600','北京市丰台区京良路','2014-09-14 03:21:31'),(1082,38,16,'116.34347000','39.81088600','北京市丰台区京良路','2014-09-14 03:22:31'),(1083,38,16,'116.34347000','39.81088600','北京市丰台区京良路','2014-09-14 03:23:31'),(1084,38,16,'116.34347000','39.81088600','北京市丰台区京良路','2014-09-14 03:24:31'),(1085,38,16,'116.34347000','39.81088600','北京市丰台区京良路','2014-09-14 03:25:31'),(1086,38,16,'116.34347000','39.81088600','北京市丰台区京良路','2014-09-14 03:26:31'),(1087,38,16,'116.34347000','39.81088600','北京市丰台区京良路','2014-09-14 03:27:31'),(1088,38,16,'116.34347000','39.81088600','北京市丰台区京良路','2014-09-14 03:28:31'),(1089,38,16,'116.34347000','39.81088600','北京市丰台区京良路','2014-09-14 03:29:32'),(1090,38,16,'116.34347000','39.81088600','北京市丰台区京良路','2014-09-14 03:30:31'),(1091,38,16,'116.34347000','39.81088600','北京市丰台区京良路','2014-09-14 03:31:31'),(1092,38,16,'116.34347000','39.81088600','北京市丰台区京良路','2014-09-14 03:32:32'),(1093,38,16,'116.34346000','39.81088000','北京市丰台区京良路','2014-09-14 03:33:32'),(1094,38,16,'116.34346000','39.81088000','北京市丰台区京良路','2014-09-14 03:34:32'),(1095,38,16,'116.34346000','39.81088000','北京市丰台区京良路','2014-09-14 03:35:31'),(1096,38,16,'116.34346000','39.81088000','北京市丰台区京良路','2014-09-14 03:36:31'),(1097,38,16,'116.34346000','39.81088000','北京市丰台区京良路','2014-09-14 03:37:32'),(1098,38,16,'116.34346000','39.81088000','北京市丰台区京良路','2014-09-14 03:38:32'),(1099,38,16,'116.34346000','39.81088000','北京市丰台区京良路','2014-09-14 03:39:31'),(1100,38,16,'116.34346000','39.81088000','北京市丰台区京良路','2014-09-14 03:40:31'),(1101,38,16,'116.34346000','39.81088000','北京市丰台区京良路','2014-09-14 03:41:32'),(1102,38,16,'116.34346000','39.81088000','北京市丰台区京良路','2014-09-14 03:42:31'),(1103,38,16,'116.34346000','39.81088000','北京市丰台区京良路','2014-09-14 03:43:32'),(1104,38,16,'116.34346000','39.81088000','北京市丰台区京良路','2014-09-14 03:44:32'),(1105,38,16,'116.34346000','39.81088000','北京市丰台区京良路','2014-09-14 03:45:32'),(1106,38,16,'116.34346000','39.81088000','北京市丰台区京良路','2014-09-14 03:46:32'),(1107,38,16,'116.34349000','39.81091000','北京市丰台区京良路','2014-09-14 03:47:31'),(1108,38,16,'116.34349000','39.81088300','北京市丰台区京良路','2014-09-14 03:48:31'),(1109,38,16,'116.34349000','39.81088300','北京市丰台区京良路','2014-09-14 03:49:31'),(1110,38,16,'116.34349000','39.81088300','北京市丰台区京良路','2014-09-14 03:50:31'),(1111,38,16,'116.34349000','39.81088300','北京市丰台区京良路','2014-09-14 03:51:31'),(1112,38,16,'116.34349000','39.81088300','北京市丰台区京良路','2014-09-14 03:52:31'),(1113,38,16,'116.34349000','39.81088300','北京市丰台区京良路','2014-09-14 03:53:31'),(1114,38,16,'116.34349000','39.81088300','北京市丰台区京良路','2014-09-14 03:54:32'),(1115,38,16,'116.34349000','39.81088300','北京市丰台区京良路','2014-09-14 03:55:32'),(1116,38,16,'116.34349000','39.81088300','北京市丰台区京良路','2014-09-14 03:56:32'),(1117,38,16,'116.34349000','39.81088300','北京市丰台区京良路','2014-09-14 03:57:32'),(1118,38,16,'116.34349000','39.81088300','北京市丰台区京良路','2014-09-14 03:58:32'),(1119,38,16,'116.34349000','39.81088300','北京市丰台区京良路','2014-09-14 03:59:31'),(1120,38,16,'116.34349000','39.81088300','北京市丰台区京良路','2014-09-14 04:00:31'),(1121,38,16,'116.34349000','39.81088300','北京市丰台区京良路','2014-09-14 04:01:31'),(1122,38,16,'116.34349000','39.81088300','北京市丰台区京良路','2014-09-14 04:02:31'),(1123,38,16,'116.34349000','39.81088300','北京市丰台区京良路','2014-09-14 04:03:32'),(1124,38,16,'116.34349000','39.81088300','北京市丰台区京良路','2014-09-14 04:04:31'),(1125,38,16,'116.34349000','39.81088300','北京市丰台区京良路','2014-09-14 04:05:32'),(1126,38,16,'116.34349000','39.81088300','北京市丰台区京良路','2014-09-14 04:06:32'),(1127,38,16,'116.34349000','39.81088300','北京市丰台区京良路','2014-09-14 04:07:32'),(1128,38,16,'116.34328500','39.81098000','北京市丰台区黄陈路','2014-09-14 04:08:32'),(1129,38,16,'116.34350000','39.81089000','北京市丰台区京良路','2014-09-14 04:09:31'),(1130,38,16,'116.34350000','39.81089000','北京市丰台区京良路','2014-09-14 04:10:31'),(1131,38,16,'116.34350000','39.81089000','北京市丰台区京良路','2014-09-14 04:11:31'),(1132,38,16,'116.34350000','39.81089000','北京市丰台区京良路','2014-09-14 04:12:31'),(1133,38,16,'116.34350000','39.81089000','北京市丰台区京良路','2014-09-14 04:13:31'),(1134,38,16,'116.34350000','39.81089000','北京市丰台区京良路','2014-09-14 04:14:31'),(1135,38,16,'116.34350000','39.81089000','北京市丰台区京良路','2014-09-14 04:15:31'),(1136,38,16,'116.34350000','39.81089000','北京市丰台区京良路','2014-09-14 04:16:31'),(1137,38,16,'116.34350000','39.81089000','北京市丰台区京良路','2014-09-14 04:17:31'),(1138,38,16,'116.34350000','39.81089000','北京市丰台区京良路','2014-09-14 04:18:31'),(1139,38,16,'116.34350000','39.81089000','北京市丰台区京良路','2014-09-14 04:19:31'),(1140,38,16,'116.34350000','39.81089000','北京市丰台区京良路','2014-09-14 04:20:31'),(1141,38,16,'116.34350000','39.81089000','北京市丰台区京良路','2014-09-14 04:21:31'),(1142,38,16,'116.34350000','39.81089000','北京市丰台区京良路','2014-09-14 04:22:31'),(1143,38,16,'116.34350000','39.81089000','北京市丰台区京良路','2014-09-14 04:23:31'),(1144,38,16,'116.34350000','39.81089000','北京市丰台区京良路','2014-09-14 04:24:32'),(1145,38,16,'116.34350000','39.81089000','北京市丰台区京良路','2014-09-14 04:25:31'),(1146,38,16,'116.34350000','39.81089000','北京市丰台区京良路','2014-09-14 04:26:32'),(1147,38,16,'116.34350000','39.81089000','北京市丰台区京良路','2014-09-14 04:27:32'),(1148,38,16,'116.34350000','39.81089000','北京市丰台区京良路','2014-09-14 04:28:32'),(1149,38,16,'116.34350000','39.81089000','北京市丰台区京良路','2014-09-14 04:29:32'),(1150,38,16,'116.34350000','39.81089000','北京市丰台区京良路','2014-09-14 04:30:32'),(1151,38,16,'116.34350000','39.81089000','北京市丰台区京良路','2014-09-14 04:31:32'),(1152,38,16,'116.34350000','39.81089000','北京市丰台区京良路','2014-09-14 04:32:31'),(1153,38,16,'116.34350000','39.81089000','北京市丰台区京良路','2014-09-14 04:33:31'),(1154,38,16,'116.34350000','39.81089000','北京市丰台区京良路','2014-09-14 04:34:31'),(1155,38,16,'116.34350000','39.81089000','北京市丰台区京良路','2014-09-14 04:35:31'),(1156,38,16,'116.34350000','39.81089000','北京市丰台区京良路','2014-09-14 04:36:31'),(1157,38,16,'116.34350000','39.81089000','北京市丰台区京良路','2014-09-14 04:37:32'),(1158,38,16,'116.34350000','39.81089000','北京市丰台区京良路','2014-09-14 04:38:32'),(1159,38,16,'116.34350000','39.81089000','北京市丰台区京良路','2014-09-14 04:39:32'),(1160,38,16,'116.34350000','39.81089000','北京市丰台区京良路','2014-09-14 04:40:31'),(1161,38,16,'116.34350000','39.81089000','北京市丰台区京良路','2014-09-14 04:41:33'),(1162,38,16,'116.34350000','39.81089000','北京市丰台区京良路','2014-09-14 04:42:31'),(1163,38,16,'116.34350000','39.81089000','北京市丰台区京良路','2014-09-14 04:43:31'),(1164,38,16,'116.34350000','39.81089000','北京市丰台区京良路','2014-09-14 04:44:32'),(1165,38,16,'116.34350000','39.81089000','北京市丰台区京良路','2014-09-14 04:45:31'),(1166,38,16,'116.34350000','39.81089000','北京市丰台区京良路','2014-09-14 04:46:32'),(1167,38,16,'116.34350000','39.81089000','北京市丰台区京良路','2014-09-14 04:47:32'),(1168,38,16,'116.34350000','39.81089000','北京市丰台区京良路','2014-09-14 04:48:32'),(1169,38,16,'116.34350000','39.81089000','北京市丰台区京良路','2014-09-14 04:49:32'),(1170,38,16,'116.34350000','39.81089000','北京市丰台区京良路','2014-09-14 04:50:32'),(1171,38,16,'116.34350000','39.81089000','北京市丰台区京良路','2014-09-14 04:51:32'),(1172,38,16,'116.34341400','39.81078700','北京市丰台区京良路','2014-09-14 04:52:32'),(1173,38,16,'116.34341400','39.81078700','北京市丰台区京良路','2014-09-14 04:53:32'),(1174,38,16,'116.34341400','39.81078700','北京市丰台区京良路','2014-09-14 04:54:32'),(1175,38,16,'116.34341400','39.81078700','北京市丰台区京良路','2014-09-14 04:55:31'),(1176,38,16,'116.34341400','39.81078700','北京市丰台区京良路','2014-09-14 04:56:31'),(1177,38,16,'116.34341400','39.81078700','北京市丰台区京良路','2014-09-14 04:57:31'),(1178,38,16,'116.34341400','39.81078700','北京市丰台区京良路','2014-09-14 04:58:32'),(1179,38,16,'116.34341400','39.81078700','北京市丰台区京良路','2014-09-14 04:59:32'),(1180,38,16,'116.34341400','39.81078700','北京市丰台区京良路','2014-09-14 05:00:32'),(1181,38,16,'116.34341400','39.81078700','北京市丰台区京良路','2014-09-14 05:01:32'),(1182,38,16,'116.34341400','39.81078700','北京市丰台区京良路','2014-09-14 05:02:32'),(1183,38,16,'116.34341400','39.81078700','北京市丰台区京良路','2014-09-14 05:03:31'),(1184,38,16,'116.34341400','39.81078700','北京市丰台区京良路','2014-09-14 05:04:31'),(1185,38,16,'116.34341400','39.81078700','北京市丰台区京良路','2014-09-14 05:05:31'),(1186,38,16,'116.34341400','39.81078700','北京市丰台区京良路','2014-09-14 05:06:31'),(1187,38,16,'116.34341400','39.81078700','北京市丰台区京良路','2014-09-14 05:07:31'),(1188,38,16,'116.34341400','39.81078700','北京市丰台区京良路','2014-09-14 05:08:31'),(1189,38,16,'116.34341400','39.81078700','北京市丰台区京良路','2014-09-14 05:09:31'),(1190,38,16,'116.34341400','39.81078700','北京市丰台区京良路','2014-09-14 05:10:31'),(1191,38,16,'116.34341400','39.81078700','北京市丰台区京良路','2014-09-14 05:11:31'),(1192,38,16,'116.34341400','39.81078700','北京市丰台区京良路','2014-09-14 05:12:31'),(1193,38,16,'116.34341400','39.81078700','北京市丰台区京良路','2014-09-14 05:13:31'),(1194,38,16,'116.34341400','39.81078700','北京市丰台区京良路','2014-09-14 05:14:31'),(1195,38,16,'116.34341400','39.81078700','北京市丰台区京良路','2014-09-14 05:15:31'),(1196,38,16,'116.34341400','39.81078700','北京市丰台区京良路','2014-09-14 05:16:31'),(1197,38,16,'116.34341400','39.81078700','北京市丰台区京良路','2014-09-14 05:17:31'),(1198,38,16,'116.34341400','39.81078700','北京市丰台区京良路','2014-09-14 05:18:31'),(1199,38,16,'116.34341400','39.81078700','北京市丰台区京良路','2014-09-14 05:19:31'),(1200,38,16,'116.34341400','39.81078700','北京市丰台区京良路','2014-09-14 05:20:32'),(1201,38,16,'116.34341400','39.81078700','北京市丰台区京良路','2014-09-14 05:21:32'),(1202,38,16,'116.34341400','39.81078700','北京市丰台区京良路','2014-09-14 05:22:32'),(1203,38,16,'116.34341400','39.81078700','北京市丰台区京良路','2014-09-14 05:23:32'),(1204,38,16,'116.34341400','39.81078700','北京市丰台区京良路','2014-09-14 05:24:32'),(1205,38,16,'116.34341400','39.81078700','北京市丰台区京良路','2014-09-14 05:25:32'),(1206,38,16,'116.34341400','39.81078700','北京市丰台区京良路','2014-09-14 05:26:32'),(1207,38,16,'116.34341400','39.81078700','北京市丰台区京良路','2014-09-14 05:27:31'),(1208,38,16,'116.34341400','39.81078700','北京市丰台区京良路','2014-09-14 05:28:31'),(1209,38,16,'116.34341400','39.81078700','北京市丰台区京良路','2014-09-14 05:29:32'),(1210,38,16,'116.34341400','39.81078700','北京市丰台区京良路','2014-09-14 05:30:32'),(1211,38,16,'116.34341400','39.81078700','北京市丰台区京良路','2014-09-14 05:31:32'),(1212,38,16,'116.34341400','39.81078700','北京市丰台区京良路','2014-09-14 05:32:32'),(1213,38,16,'116.34341400','39.81078700','北京市丰台区京良路','2014-09-14 05:33:31'),(1214,38,16,'116.34341400','39.81078700','北京市丰台区京良路','2014-09-14 05:34:31'),(1215,38,16,'116.34341400','39.81078700','北京市丰台区京良路','2014-09-14 05:35:32'),(1216,38,16,'116.34341400','39.81078700','北京市丰台区京良路','2014-09-14 05:36:31'),(1217,38,16,'116.34341400','39.81078700','北京市丰台区京良路','2014-09-14 05:37:31'),(1218,38,16,'116.34341400','39.81078700','北京市丰台区京良路','2014-09-14 05:38:31'),(1219,38,16,'116.34341400','39.81078700','北京市丰台区京良路','2014-09-14 05:39:32'),(1220,38,16,'116.34341400','39.81078700','北京市丰台区京良路','2014-09-14 05:40:32'),(1221,38,16,'116.34341400','39.81078700','北京市丰台区京良路','2014-09-14 05:41:32'),(1222,38,16,'116.34341400','39.81078700','北京市丰台区京良路','2014-09-14 05:42:32'),(1223,38,16,'116.34341400','39.81078700','北京市丰台区京良路','2014-09-14 05:43:32'),(1224,38,16,'116.34341400','39.81078700','北京市丰台区京良路','2014-09-14 05:44:32'),(1225,38,16,'116.34341400','39.81078700','北京市丰台区京良路','2014-09-14 05:45:31'),(1226,38,16,'116.34341400','39.81078700','北京市丰台区京良路','2014-09-14 05:46:31'),(1227,38,16,'116.34341400','39.81078700','北京市丰台区京良路','2014-09-14 05:47:31'),(1228,38,16,'116.34341400','39.81078700','北京市丰台区京良路','2014-09-14 05:48:31'),(1229,38,16,'116.34341400','39.81078700','北京市丰台区京良路','2014-09-14 05:49:32'),(1230,38,16,'116.34341400','39.81078700','北京市丰台区京良路','2014-09-14 05:50:32'),(1231,38,16,'116.34341400','39.81078700','北京市丰台区京良路','2014-09-14 05:51:32'),(1232,38,16,'116.34341400','39.81078700','北京市丰台区京良路','2014-09-14 05:52:32'),(1233,38,16,'116.34341400','39.81078700','北京市丰台区京良路','2014-09-14 05:53:32'),(1234,38,16,'116.34341400','39.81078700','北京市丰台区京良路','2014-09-14 05:54:32'),(1235,38,16,'116.34341400','39.81078700','北京市丰台区京良路','2014-09-14 05:55:31'),(1236,38,16,'116.34341400','39.81078700','北京市丰台区京良路','2014-09-14 05:56:31'),(1237,38,16,'116.34341400','39.81078700','北京市丰台区京良路','2014-09-14 05:57:31'),(1238,38,16,'116.34341400','39.81078700','北京市丰台区京良路','2014-09-14 05:58:31'),(1239,38,16,'116.34341400','39.81078700','北京市丰台区京良路','2014-09-14 05:59:31'),(1240,38,16,'116.34341400','39.81078700','北京市丰台区京良路','2014-09-14 06:00:31'),(1241,38,16,'116.34341400','39.81078700','北京市丰台区京良路','2014-09-14 06:01:31'),(1242,38,16,'116.34341400','39.81078700','北京市丰台区京良路','2014-09-14 06:02:31'),(1243,38,16,'116.34341400','39.81078700','北京市丰台区京良路','2014-09-14 06:03:31'),(1244,38,16,'116.34341400','39.81078700','北京市丰台区京良路','2014-09-14 06:04:31'),(1245,38,16,'116.34341400','39.81078700','北京市丰台区京良路','2014-09-14 06:05:31'),(1246,38,16,'116.34341400','39.81078700','北京市丰台区京良路','2014-09-14 06:06:31'),(1247,38,16,'116.34341400','39.81078700','北京市丰台区京良路','2014-09-14 06:07:31'),(1248,38,16,'116.34341400','39.81078700','北京市丰台区京良路','2014-09-14 06:08:32'),(1249,38,16,'116.34341400','39.81078700','北京市丰台区京良路','2014-09-14 06:09:32'),(1250,38,16,'116.34341400','39.81078700','北京市丰台区京良路','2014-09-14 06:10:32'),(1251,38,16,'116.34341400','39.81078700','北京市丰台区京良路','2014-09-14 06:11:32'),(1252,38,16,'116.34341400','39.81078700','北京市丰台区京良路','2014-09-14 06:12:32'),(1253,38,16,'116.34341400','39.81078700','北京市丰台区京良路','2014-09-14 06:13:32'),(1254,38,16,'116.34341400','39.81078700','北京市丰台区京良路','2014-09-14 06:14:32'),(1255,38,16,'116.34341400','39.81078700','北京市丰台区京良路','2014-09-14 06:15:32'),(1256,38,16,'116.34341400','39.81078700','北京市丰台区京良路','2014-09-14 06:16:31'),(1257,38,16,'116.34341400','39.81078700','北京市丰台区京良路','2014-09-14 06:17:32'),(1258,38,16,'116.34341400','39.81078700','北京市丰台区京良路','2014-09-14 06:18:31'),(1259,38,16,'116.34341400','39.81078700','北京市丰台区京良路','2014-09-14 06:19:32'),(1260,38,16,'116.34341400','39.81078700','北京市丰台区京良路','2014-09-14 06:20:32'),(1261,38,16,'116.34341400','39.81078700','北京市丰台区京良路','2014-09-14 06:21:32'),(1262,38,16,'116.34341400','39.81078700','北京市丰台区京良路','2014-09-14 06:22:32'),(1263,38,16,'116.34341400','39.81078700','北京市丰台区京良路','2014-09-14 06:23:34'),(1264,38,16,'116.34341400','39.81078700','北京市丰台区京良路','2014-09-14 06:24:32'),(1265,38,16,'116.34341400','39.81078700','北京市丰台区京良路','2014-09-14 06:25:31'),(1266,38,16,'116.34341400','39.81078700','北京市丰台区京良路','2014-09-14 06:26:31'),(1267,38,16,'116.34341400','39.81078700','北京市丰台区京良路','2014-09-14 06:27:32'),(1268,38,16,'116.34341400','39.81078700','北京市丰台区京良路','2014-09-14 06:28:31'),(1269,38,16,'116.34341400','39.81078700','北京市丰台区京良路','2014-09-14 06:29:33'),(1270,38,16,'116.34341400','39.81078700','北京市丰台区京良路','2014-09-14 06:30:32'),(1271,38,16,'116.34341400','39.81078700','北京市丰台区京良路','2014-09-14 06:31:32'),(1272,38,16,'116.34341400','39.81078700','北京市丰台区京良路','2014-09-14 06:32:32'),(1273,38,16,'116.34341400','39.81078700','北京市丰台区京良路','2014-09-14 06:33:32'),(1274,38,16,'116.34341400','39.81078700','北京市丰台区京良路','2014-09-14 06:34:32'),(1275,38,16,'116.34341400','39.81078700','北京市丰台区京良路','2014-09-14 06:35:32'),(1276,38,16,'116.34325000','39.81099000','北京市丰台区黄陈路','2014-09-14 06:36:32'),(1277,38,16,'116.34325000','39.81099000','北京市丰台区黄陈路','2014-09-14 06:37:32'),(1278,38,16,'116.34325000','39.81099000','北京市丰台区黄陈路','2014-09-14 06:38:32'),(1279,38,16,'116.34325000','39.81099000','北京市丰台区黄陈路','2014-09-14 06:39:31'),(1280,38,16,'116.34347500','39.81085600','北京市丰台区京良路','2014-09-14 06:40:32'),(1281,38,16,'116.34347500','39.81085600','北京市丰台区京良路','2014-09-14 06:41:32'),(1282,38,16,'116.34347500','39.81085600','北京市丰台区京良路','2014-09-14 06:42:32'),(1283,38,16,'116.34347500','39.81085600','北京市丰台区京良路','2014-09-14 06:43:32'),(1284,38,16,'116.34347500','39.81085600','北京市丰台区京良路','2014-09-14 06:44:32'),(1285,38,16,'116.34347500','39.81085600','北京市丰台区京良路','2014-09-14 06:45:32'),(1286,38,16,'116.34347500','39.81085600','北京市丰台区京良路','2014-09-14 06:46:32'),(1287,38,16,'116.34347500','39.81085600','北京市丰台区京良路','2014-09-14 06:47:32'),(1288,38,16,'116.34347500','39.81085600','北京市丰台区京良路','2014-09-14 06:48:31'),(1289,38,16,'116.34347500','39.81085600','北京市丰台区京良路','2014-09-14 06:49:31'),(1290,38,16,'116.34347500','39.81085600','北京市丰台区京良路','2014-09-14 06:50:31'),(1291,38,16,'116.34347500','39.81085600','北京市丰台区京良路','2014-09-14 06:51:31'),(1292,38,16,'116.34347500','39.81085600','北京市丰台区京良路','2014-09-14 06:52:31'),(1293,38,16,'116.34347500','39.81085600','北京市丰台区京良路','2014-09-14 06:53:31'),(1294,38,16,'116.34347500','39.81085600','北京市丰台区京良路','2014-09-14 06:54:31'),(1295,38,16,'116.34347500','39.81085600','北京市丰台区京良路','2014-09-14 06:55:31'),(1296,38,16,'116.34347500','39.81085600','北京市丰台区京良路','2014-09-14 06:56:31'),(1297,38,16,'116.34347500','39.81085600','北京市丰台区京良路','2014-09-14 06:57:31'),(1298,38,16,'116.34347500','39.81085600','北京市丰台区京良路','2014-09-14 06:58:32'),(1299,38,16,'116.34347500','39.81085600','北京市丰台区京良路','2014-09-14 06:59:31'),(1300,38,16,'116.34347500','39.81085600','北京市丰台区京良路','2014-09-14 07:00:32'),(1301,38,16,'116.34347500','39.81085600','北京市丰台区京良路','2014-09-14 07:01:32'),(1302,38,16,'116.34347500','39.81085600','北京市丰台区京良路','2014-09-14 07:02:32'),(1303,38,16,'116.34347500','39.81085600','北京市丰台区京良路','2014-09-14 07:03:32'),(1304,38,16,'116.34325000','39.81099000','北京市丰台区黄陈路','2014-09-14 07:04:32'),(1305,38,16,'116.34346000','39.81085000','北京市丰台区京良路','2014-09-14 07:05:32'),(1306,38,16,'116.34346000','39.81085000','北京市丰台区京良路','2014-09-14 07:06:32'),(1307,38,16,'116.34346000','39.81085000','北京市丰台区京良路','2014-09-14 07:07:32'),(1308,38,16,'116.34327000','39.81101200','北京市丰台区黄陈路','2014-09-14 07:08:32'),(1309,38,16,'116.34327000','39.81101200','北京市丰台区黄陈路','2014-09-14 07:09:32'),(1310,38,16,'116.34347000','39.81088000','北京市丰台区京良路','2014-09-14 07:10:31'),(1311,38,16,'116.34347000','39.81088000','北京市丰台区京良路','2014-09-14 07:11:32'),(1312,38,16,'116.34347000','39.81088000','北京市丰台区京良路','2014-09-14 07:12:32'),(1313,38,16,'116.34347000','39.81088000','北京市丰台区京良路','2014-09-14 07:13:32'),(1314,38,16,'116.34347000','39.81088000','北京市丰台区京良路','2014-09-14 07:14:32'),(1315,38,16,'116.34347000','39.81088000','北京市丰台区京良路','2014-09-14 07:15:32'),(1316,38,16,'116.34347000','39.81088000','北京市丰台区京良路','2014-09-14 07:16:32'),(1317,38,16,'116.34347000','39.81088000','北京市丰台区京良路','2014-09-14 07:17:32'),(1318,38,16,'116.34347000','39.81088000','北京市丰台区京良路','2014-09-14 07:18:32'),(1319,38,16,'116.34347000','39.81088000','北京市丰台区京良路','2014-09-14 07:19:31'),(1320,38,16,'116.34347000','39.81088000','北京市丰台区京良路','2014-09-14 07:20:32'),(1321,38,16,'116.34347000','39.81088000','北京市丰台区京良路','2014-09-14 07:21:32'),(1322,38,16,'116.34347000','39.81088000','北京市丰台区京良路','2014-09-14 07:22:32'),(1323,38,16,'116.34347000','39.81088000','北京市丰台区京良路','2014-09-14 07:23:32'),(1324,38,16,'116.34347000','39.81088000','北京市丰台区京良路','2014-09-14 07:24:33'),(1325,38,16,'116.34347000','39.81088000','北京市丰台区京良路','2014-09-14 07:25:32'),(1326,38,16,'116.34347000','39.81088000','北京市丰台区京良路','2014-09-14 07:26:32'),(1327,38,16,'116.34347000','39.81088000','北京市丰台区京良路','2014-09-14 07:27:33'),(1328,38,16,'116.34347000','39.81088000','北京市丰台区京良路','2014-09-14 07:28:32'),(1329,38,16,'116.34347000','39.81088000','北京市丰台区京良路','2014-09-14 07:29:33'),(1330,38,16,'116.34347000','39.81088000','北京市丰台区京良路','2014-09-14 07:30:32'),(1331,38,16,'116.34347000','39.81088000','北京市丰台区京良路','2014-09-14 07:31:32'),(1332,38,16,'116.34347000','39.81088000','北京市丰台区京良路','2014-09-14 07:32:32'),(1333,38,16,'116.34347000','39.81088000','北京市丰台区京良路','2014-09-14 07:33:32'),(1334,38,16,'116.34347000','39.81088000','北京市丰台区京良路','2014-09-14 07:34:32'),(1335,38,16,'116.34347000','39.81088000','北京市丰台区京良路','2014-09-14 07:35:32'),(1336,38,16,'116.34347000','39.81088000','北京市丰台区京良路','2014-09-14 07:36:32'),(1337,38,16,'116.34347000','39.81088000','北京市丰台区京良路','2014-09-14 07:37:31'),(1338,38,16,'116.34347000','39.81088000','北京市丰台区京良路','2014-09-14 07:38:31'),(1339,38,16,'116.34347000','39.81088000','北京市丰台区京良路','2014-09-14 07:39:31'),(1340,38,16,'116.34347000','39.81088000','北京市丰台区京良路','2014-09-14 07:40:31'),(1341,38,16,'116.34347000','39.81088000','北京市丰台区京良路','2014-09-14 07:41:31'),(1342,38,16,'116.34347000','39.81088000','北京市丰台区京良路','2014-09-14 07:42:31'),(1343,38,16,'116.34347000','39.81088000','北京市丰台区京良路','2014-09-14 07:43:31'),(1344,38,16,'116.34347000','39.81088000','北京市丰台区京良路','2014-09-14 07:44:31'),(1345,38,16,'116.34347000','39.81088000','北京市丰台区京良路','2014-09-14 07:45:31'),(1346,38,16,'116.34347000','39.81088000','北京市丰台区京良路','2014-09-14 07:46:32'),(1347,38,16,'116.34347000','39.81088000','北京市丰台区京良路','2014-09-14 07:47:32'),(1348,38,16,'116.34347000','39.81088000','北京市丰台区京良路','2014-09-14 07:48:32'),(1349,38,16,'116.34347000','39.81088000','北京市丰台区京良路','2014-09-14 07:49:31'),(1350,38,16,'116.34347000','39.81088000','北京市丰台区京良路','2014-09-14 07:50:32'),(1351,38,16,'116.34342000','39.81091300','北京市丰台区京良路','2014-09-14 07:51:32'),(1352,38,16,'116.34346000','39.81088300','北京市丰台区京良路','2014-09-14 07:52:32'),(1353,38,16,'116.34346000','39.81088300','北京市丰台区京良路','2014-09-14 07:53:32'),(1354,38,16,'116.34346000','39.81088300','北京市丰台区京良路','2014-09-14 07:54:32'),(1355,38,16,'116.34346000','39.81088300','北京市丰台区京良路','2014-09-14 07:55:32'),(1356,38,16,'116.34346000','39.81088300','北京市丰台区京良路','2014-09-14 07:56:32'),(1357,38,16,'116.34346000','39.81088300','北京市丰台区京良路','2014-09-14 07:57:32'),(1358,38,16,'116.34346000','39.81088300','北京市丰台区京良路','2014-09-14 07:58:31'),(1359,38,16,'116.34346000','39.81088300','北京市丰台区京良路','2014-09-14 07:59:31'),(1360,38,16,'116.34346000','39.81088300','北京市丰台区京良路','2014-09-14 08:00:31'),(1361,38,16,'116.34346000','39.81088300','北京市丰台区京良路','2014-09-14 08:01:32'),(1362,38,16,'116.34346000','39.81088300','北京市丰台区京良路','2014-09-14 08:02:32'),(1363,38,16,'116.34346000','39.81088300','北京市丰台区京良路','2014-09-14 08:03:32'),(1364,38,16,'116.34346000','39.81088300','北京市丰台区京良路','2014-09-14 08:04:32'),(1365,38,16,'116.34346000','39.81088300','北京市丰台区京良路','2014-09-14 08:05:32'),(1366,38,16,'116.34346000','39.81088300','北京市丰台区京良路','2014-09-14 08:06:32'),(1367,38,16,'116.34346000','39.81088300','北京市丰台区京良路','2014-09-14 08:07:33'),(1368,38,16,'116.34346000','39.81088300','北京市丰台区京良路','2014-09-14 08:08:33'),(1369,38,16,'116.34347500','39.81088300','北京市丰台区京良路','2014-09-14 08:09:32'),(1370,38,16,'116.34347500','39.81088300','北京市丰台区京良路','2014-09-14 08:10:32'),(1371,38,16,'116.34347500','39.81088300','北京市丰台区京良路','2014-09-14 08:11:32'),(1372,38,16,'116.34328500','39.81099300','北京市丰台区黄陈路','2014-09-14 08:12:32'),(1373,38,16,'116.34328500','39.81099300','北京市丰台区黄陈路','2014-09-14 08:13:32'),(1374,38,16,'116.34328500','39.81099300','北京市丰台区黄陈路','2014-09-14 08:14:32'),(1375,38,16,'116.34328500','39.81099300','北京市丰台区黄陈路','2014-09-14 08:15:32'),(1376,38,16,'116.34328500','39.81099300','北京市丰台区黄陈路','2014-09-14 08:16:31'),(1377,38,16,'116.34328500','39.81099300','北京市丰台区黄陈路','2014-09-14 08:17:32'),(1378,38,16,'116.34328500','39.81099300','北京市丰台区黄陈路','2014-09-14 08:18:32'),(1379,38,16,'116.34328500','39.81099300','北京市丰台区黄陈路','2014-09-14 08:19:32'),(1380,38,16,'116.34328500','39.81099300','北京市丰台区黄陈路','2014-09-14 08:20:32'),(1381,38,16,'116.34328500','39.81099300','北京市丰台区黄陈路','2014-09-14 08:21:32'),(1382,38,16,'116.34328500','39.81099300','北京市丰台区黄陈路','2014-09-14 08:22:32'),(1383,38,16,'116.34328500','39.81099300','北京市丰台区黄陈路','2014-09-14 08:23:32'),(1384,38,16,'116.34328500','39.81099300','北京市丰台区黄陈路','2014-09-14 08:24:32'),(1385,38,16,'116.34328500','39.81099300','北京市丰台区黄陈路','2014-09-14 08:25:32'),(1386,38,16,'116.34328500','39.81099300','北京市丰台区黄陈路','2014-09-14 08:26:32'),(1387,38,16,'116.34328500','39.81099300','北京市丰台区黄陈路','2014-09-14 08:27:32'),(1388,38,16,'116.34328500','39.81099300','北京市丰台区黄陈路','2014-09-14 08:28:31'),(1389,38,16,'116.34328500','39.81099300','北京市丰台区黄陈路','2014-09-14 08:29:31'),(1390,38,16,'116.34349000','39.81088600','北京市丰台区京良路','2014-09-14 08:30:31'),(1391,38,16,'116.34349000','39.81088600','北京市丰台区京良路','2014-09-14 08:31:31'),(1392,38,16,'116.34342000','39.81093000','北京市丰台区京良路','2014-09-14 08:32:31'),(1393,38,16,'116.34375000','39.81174500','北京市丰台区黄陈路','2014-09-14 08:33:32'),(1394,38,16,'116.34315000','39.81102400','北京市丰台区黄陈路','2014-09-14 08:46:03'),(1395,38,16,'116.34315000','39.81102400','北京市丰台区黄陈路','2014-09-14 09:00:23'),(1396,38,16,'116.34315000','39.81102400','北京市丰台区黄陈路','2014-09-14 09:03:28'),(1397,38,16,'116.34303000','39.81161000','北京市丰台区黄陈路','2014-09-14 09:18:02'),(1398,38,16,'116.34312400','39.81106600','北京市丰台区黄陈路','2014-09-14 09:19:02'),(1399,38,16,'116.34319000','39.81096600','北京市丰台区黄陈路','2014-09-14 09:26:10'),(1400,38,16,'116.34397000','39.81167600','北京市丰台区京良路','2014-09-14 09:27:09'),(1401,38,16,'116.34301000','39.81167000','北京市丰台区黄陈路','2014-09-14 09:28:09'),(1402,38,16,'116.34329000','39.81076400','北京市丰台区京良路','2014-09-14 09:30:32'),(1403,38,16,'116.34329000','39.81076400','北京市丰台区京良路','2014-09-14 09:32:10'),(1404,37,16,'116.28760000','39.76354200','北京市大兴区芦求路','2014-09-16 16:24:21'),(1405,37,16,'116.28771000','39.76359600','北京市大兴区芦求路','2014-09-16 16:25:21'),(1406,30,7,'126.63333000','45.75000000','黑龙江省哈尔滨市南岗区松花江街道哈尔滨工业大学西苑小区','2014-09-18 19:18:34'),(1407,30,7,'126.63333000','45.75000000','黑龙江省哈尔滨市南岗区松花江街道哈尔滨工业大学西苑小区','2014-09-18 19:19:04'),(1408,30,7,'126.63333000','45.75000000','黑龙江省哈尔滨市南岗区松花江街道哈尔滨工业大学西苑小区','2014-09-18 19:19:34'),(1409,30,7,'126.63333000','45.75000000','黑龙江省哈尔滨市南岗区松花江街道哈尔滨工业大学西苑小区','2014-09-18 19:20:44'),(1410,30,7,'126.63333000','45.75000000','黑龙江省哈尔滨市南岗区松花江街道哈尔滨工业大学西苑小区','2014-09-18 19:21:04'),(1411,30,7,'126.63333000','45.75000000','黑龙江省哈尔滨市南岗区松花江街道哈尔滨工业大学西苑小区','2014-09-18 19:21:34'),(1412,30,7,'126.63333000','45.75000000','黑龙江省哈尔滨市南岗区松花江街道哈尔滨工业大学西苑小区','2014-09-18 19:22:04'),(1413,30,7,'126.63333000','45.75000000','黑龙江省哈尔滨市南岗区松花江街道哈尔滨工业大学西苑小区','2014-09-18 19:22:34'),(1414,30,7,'126.63333000','45.75000000','黑龙江省哈尔滨市南岗区松花江街道哈尔滨工业大学西苑小区','2014-09-18 19:23:04'),(1415,30,7,'126.63333000','45.75000000','黑龙江省哈尔滨市南岗区松花江街道哈尔滨工业大学西苑小区','2014-09-18 20:32:19'),(1416,30,7,'126.63333000','45.75000000','黑龙江省哈尔滨市南岗区松花江街道哈尔滨工业大学西苑小区','2014-09-18 20:34:27'),(1417,30,7,'126.63333000','45.75000000','黑龙江省哈尔滨市南岗区松花江街道哈尔滨工业大学西苑小区','2014-09-18 20:34:55'),(1418,30,7,'126.63333000','45.75000000','黑龙江省哈尔滨市南岗区松花江街道哈尔滨工业大学西苑小区','2014-09-18 20:35:25');
/*!40000 ALTER TABLE `transport_location` ENABLE KEYS */;
UNLOCK TABLES;

--
-- Table structure for table `transport_offer`
--

DROP TABLE IF EXISTS `transport_offer`;
/*!40101 SET @saved_cs_client     = @@character_set_client */;
/*!40101 SET character_set_client = utf8 */;
CREATE TABLE `transport_offer` (
  `id` int(11) NOT NULL AUTO_INCREMENT,
  `of_order_id` int(11) NOT NULL,
  `of_driver_id` int(11) NOT NULL,
  `of_price` decimal(15,5) NOT NULL,
  `of_distance` decimal(15,5) NOT NULL,
  `of_update` datetime NOT NULL,
  `of_confirm` int(11) NOT NULL DEFAULT '0',
  PRIMARY KEY (`id`),
  KEY `transport_offer_e789bb06` (`of_order_id`),
  KEY `transport_offer_278bb2e3` (`of_driver_id`)
) ENGINE=MyISAM AUTO_INCREMENT=59 DEFAULT CHARSET=utf8;
/*!40101 SET character_set_client = @saved_cs_client */;

--
-- Dumping data for table `transport_offer`
--

LOCK TABLES `transport_offer` WRITE;
/*!40000 ALTER TABLE `transport_offer` DISABLE KEYS */;
INSERT INTO `transport_offer` VALUES (1,1,1,'150.00000','211.00000','2014-08-20 15:52:52',0),(2,1,8,'55.00000','22.00000','2014-08-11 15:52:57',1),(11,5,8,'855.00000','0.00000','2014-09-09 06:23:04',0),(4,3,7,'6333.00000','11.00000','2014-08-15 15:53:06',1),(12,7,8,'552.00000','0.00000','2014-09-09 06:23:13',0),(8,1,7,'666.00000','12.00000','2014-09-09 06:20:37',0),(9,5,7,'99.00000','0.00000','2014-08-27 11:56:48',0),(10,7,7,'555.00000','0.00000','2014-09-09 06:20:17',1),(13,5,9,'66.00000','0.00000','2014-09-09 22:40:45',0),(14,5,10,'111.00000','0.00000','2014-09-10 13:45:02',1),(15,9,10,'44.00000','0.00000','2014-09-10 13:55:36',1),(16,6,10,'14.00000','0.00000','2014-09-10 13:42:34',0),(17,6,7,'566.00000','0.00000','2014-09-10 16:01:07',0),(18,15,7,'555.00000','0.00000','2014-09-10 17:27:02',1),(19,20,7,'555.00000','0.00000','2014-09-10 19:35:36',1),(20,21,10,'147.00000','0.00000','2014-09-10 20:04:20',1),(21,21,7,'33332.00000','0.00000','2014-09-10 20:05:37',0),(22,19,10,'1475.00000','0.00000','2014-09-10 20:26:53',1),(23,22,10,'6523.00000','0.00000','2014-09-10 20:19:59',1),(24,22,7,'55335.00000','0.00000','2014-09-10 20:21:13',0),(25,14,7,'5632.00000','0.00000','2014-09-10 20:31:03',1),(26,14,10,'123.00000','0.00000','2014-09-10 20:32:06',0),(27,8,12,'12.00000','2.25000','2014-09-10 23:28:00',0),(28,16,12,'12.00000','0.33000','2014-09-10 23:31:53',0),(29,24,12,'12.00000','3.10000','2014-09-10 23:32:08',1),(30,25,10,'142.00000','1.67000','2014-09-11 00:07:52',1),(31,25,13,'14.00000','1.70000','2014-09-11 00:13:56',0),(32,25,7,'555.00000','3.02000','2014-09-11 00:15:08',0),(33,26,10,'74.00000','9.23000','2014-09-11 00:33:49',1),(34,26,13,'147.00000','9.21000','2014-09-11 00:34:23',0),(35,16,7,'552.00000','0.38000','2014-09-11 09:13:43',1),(36,27,14,'18.00000','1.39000','2014-09-11 09:27:08',0),(37,23,14,'555.00000','0.78000','2014-09-11 15:28:24',0),(38,17,14,'5222.00000','0.46000','2014-09-11 15:28:37',0),(39,13,7,'55.00000','0.42000','2014-09-11 17:08:32',1),(40,30,7,'5565.00000','0.99000','2014-09-11 16:42:17',1),(41,29,10,'147.00000','3.46000','2014-09-11 17:00:54',1),(42,28,10,'142.00000','0.61000','2014-09-11 17:05:23',1),(43,23,10,'147.00000','0.78000','2014-09-11 17:22:24',1),(44,8,15,'1.00000','7.48000','2014-09-11 19:12:58',0),(45,10,15,'1.00000','2.58000','2014-09-11 19:13:09',1),(46,11,15,'1.00000','10.86000','2014-09-11 19:13:18',1),(47,4,15,'1.00000','1.50000','2014-09-11 19:16:51',0),(48,31,16,'100.00000','0.34000','2014-09-11 22:53:00',1),(49,32,16,'100.00000','7.43000','2014-09-12 10:53:20',1),(50,33,16,'100.00000','1.72000','2014-09-12 10:54:17',0),(51,27,12,'120.00000','1.65000','2014-09-12 12:03:47',0),(52,27,15,'1.00000','6.68000','2014-09-12 23:57:32',1),(53,17,15,'1.00000','4.87000','2014-09-13 00:05:59',0),(54,33,15,'1.00000','1075.75000','2014-09-13 00:07:40',0),(55,34,16,'100.00000','35.63000','2014-09-13 21:36:52',0),(56,35,16,'20.00000','15.73000','2014-09-13 21:54:36',0),(57,37,16,'200.00000','15.11000','2014-09-13 22:04:41',1),(58,38,16,'100.00000','4.83000','2014-09-14 00:10:37',1);
/*!40000 ALTER TABLE `transport_offer` ENABLE KEYS */;
UNLOCK TABLES;

--
-- Table structure for table `transport_online`
--

DROP TABLE IF EXISTS `transport_online`;
/*!40101 SET @saved_cs_client     = @@character_set_client */;
/*!40101 SET character_set_client = utf8 */;
CREATE TABLE `transport_online` (
  `id` int(11) NOT NULL AUTO_INCREMENT,
  `on_driver_id` int(11) NOT NULL,
  `on_longitude` decimal(15,8) NOT NULL,
  `on_latitude` decimal(15,8) NOT NULL,
  `on_update` datetime NOT NULL,
  PRIMARY KEY (`id`),
  KEY `transport_online_fa934b79` (`on_driver_id`)
) ENGINE=MyISAM AUTO_INCREMENT=9 DEFAULT CHARSET=utf8;
/*!40101 SET character_set_client = @saved_cs_client */;

--
-- Dumping data for table `transport_online`
--

LOCK TABLES `transport_online` WRITE;
/*!40000 ALTER TABLE `transport_online` DISABLE KEYS */;
INSERT INTO `transport_online` VALUES (1,8,'126.68985748','45.78097153','2014-09-09 19:00:00'),(2,7,'126.68984985','45.78083801','2014-09-18 12:26:10'),(3,9,'126.68986511','45.78113937','2014-09-10 09:24:19'),(4,10,'126.68960571','45.78089142','2014-09-18 19:40:51'),(5,12,'126.68701172','45.77658081','2014-09-12 12:03:29'),(6,13,'0.00000000','0.00000000','2014-09-22 12:45:14'),(7,14,'126.68981934','45.78100586','2014-09-11 15:34:47'),(8,16,'116.85195923','38.31376648','2014-09-24 22:29:19');
/*!40000 ALTER TABLE `transport_online` ENABLE KEYS */;
UNLOCK TABLES;

--
-- Table structure for table `transport_order`
--

DROP TABLE IF EXISTS `transport_order`;
/*!40101 SET @saved_cs_client     = @@character_set_client */;
/*!40101 SET character_set_client = utf8 */;
CREATE TABLE `transport_order` (
  `id` int(11) NOT NULL AUTO_INCREMENT,
  `or_client_id` int(11) NOT NULL,
  `or_id` varchar(50) NOT NULL,
  `or_update` datetime NOT NULL,
  `or_start` varchar(500) NOT NULL,
  `or_end` varchar(500) NOT NULL,
  `or_push` int(11) NOT NULL,
  `or_pushTime` datetime NOT NULL,
  `or_startTime` datetime NOT NULL,
  `or_endTime` datetime NOT NULL,
  `or_title` varchar(200) NOT NULL,
  `or_name` varchar(200) NOT NULL,
  `or_price` decimal(15,5) NOT NULL,
  `or_board` int(11) NOT NULL,
  `or_number` int(11) NOT NULL,
  `or_weight` decimal(15,5) NOT NULL,
  `or_size_l` decimal(15,5) NOT NULL,
  `or_size_w` decimal(15,5) NOT NULL,
  `or_size_h` decimal(15,5) NOT NULL,
  `or_volume` decimal(15,5) NOT NULL,
  `or_truck` varchar(50) NOT NULL,
  `or_length` decimal(15,5) NOT NULL,
  `or_isDanger` varchar(50) NOT NULL,
  `or_isHeap` varchar(50) NOT NULL,
  `or_isHand` varchar(50) NOT NULL,
  `or_isAssist` varchar(50) NOT NULL,
  `or_isInsurance` varchar(50) NOT NULL,
  `or_request` varchar(500) DEFAULT NULL,
  `or_status` int(11) NOT NULL,
  `or_longitude` decimal(15,8) NOT NULL,
  `or_latitude` decimal(15,8) NOT NULL,
  `or_view` int(11) NOT NULL,
  PRIMARY KEY (`id`),
  UNIQUE KEY `or_id` (`or_id`),
  KEY `transport_order_00d498b4` (`or_client_id`)
) ENGINE=MyISAM AUTO_INCREMENT=39 DEFAULT CHARSET=utf8;
/*!40101 SET character_set_client = @saved_cs_client */;

--
-- Dumping data for table `transport_order`
--

LOCK TABLES `transport_order` WRITE;
/*!40000 ALTER TABLE `transport_order` DISABLE KEYS */;
INSERT INTO `transport_order` VALUES (1,2,'2014082401','2014-08-24 15:48:23','哈尔滨工程大学','南京理工大学',5,'2014-09-03 15:17:58','2014-08-24 06:34:22','2014-08-24 06:34:24','黑龙江私营工厂寻找货运物流5','至诚迅达','12.00000',12,1212,'12.00000','0.00000','0.00000','0.00000','12.00000','12','12.00000','1','1','1','1','1','这是说明',2,'126.69562600','45.78603400',71),(2,2,'2014082402','2014-08-24 15:48:25','哈尔滨工程大学','南京理工大学',5,'2014-09-09 15:18:04','2014-08-24 06:34:22','2014-08-24 06:34:24','黑龙江私营工厂寻找货运物流4','至诚迅达','12.00000',12,1212,'12.00000','0.00000','0.00000','0.00000','12.00000','12','12.00000','1','1','1','1','1','这是说明',0,'126.68549300','45.77155200',22),(3,2,'2014082403','2014-08-24 15:48:25','哈尔滨工程大学','南京理工大学',5,'2014-09-09 15:18:09','2014-08-24 06:34:22','2014-08-24 06:34:24','黑龙江私营工厂寻找货运物流3','至诚迅达','12.00000',12,1212,'12.00000','0.00000','0.00000','0.00000','12.00000','12','12.00000','1','1','1','1','1','这是说明',2,'126.68549300','45.77155200',19),(4,2,'2014082405','2014-08-24 15:48:25','哈尔滨工程大学','南京理工大学',5,'2014-09-09 15:18:12','2014-08-24 06:34:22','2014-08-24 06:34:24','黑龙江私营工厂寻找货运物流2','至诚迅达','12.00000',12,1212,'12.00000','0.00000','0.00000','0.00000','12.00000','12','12.00000','1','1','1','1','1','这是说明',0,'126.68067800','45.78648700',47),(5,2,'2014082406','2014-08-24 15:48:25','哈尔滨工程大学','南京理工大学',5,'2014-09-09 15:18:14','2014-08-24 06:34:22','2014-08-24 06:34:24','黑龙江私营工厂寻找货运物流1','至诚迅达','12.00000',12,1212,'12.00000','0.00000','0.00000','0.00000','12.00000','12','12.00000','1','1','1','1','1','这是说明',2,'126.68649900','45.78492800',53),(6,2,'140905100000','2014-09-05 13:09:16','黑龙江省哈尔滨市南岗区松鹤路','长白山风景区',5,'2014-09-09 15:18:16','2014-09-05 10:00:00','2014-09-19 12:00:00','工程大学15公寓需车','石猴','150000.00000',4,1,'5000.00000','3.00000','4.00000','3.00000','15.00000','挂车','12.00000','否','否','否','无','否','没有说明',2,'126.68614800','45.77712100',14),(7,2,'140905100001','2014-09-05 13:14:09','黑龙江省哈尔滨市南岗区松鹤路','长白山风景区',5,'2014-09-09 15:18:19','2014-09-05 10:00:00','2014-09-19 12:00:00','工程大学15公寓需车','石猴','150000.00000',4,1,'5000.00000','3.00000','4.00000','3.00000','15.00000','挂车','12.00000','否','否','否','无','否','没有说明',2,'126.68614800','45.77712100',10),(8,2,'140909100000','2014-09-09 17:25:26','黑龙江省哈尔滨市道外区一机路','哈工程',10,'2014-09-09 17:25:26','2014-09-09 19:00:00','2014-09-25 17:24:00','测试推送半径1','测试','1.00000',1,1,'1.00000','1.00000','1.00000','1.00000','1.00000','挂车','12.00000','否','否','否','装卸都需要','否','没有说明',0,'126.71348400','45.78730400',14),(9,2,'140910100000','2014-09-10 13:12:07','黑龙江省哈尔滨市南岗区文庙街','龙塔',10,'2014-09-10 13:12:07','2014-09-10 13:10:00','2014-09-10 13:10:00','远大购物中心','电脑','2323.00000',2,3,'4.00000','5.00000','6.00000','2.00000','4.00000','挂车','3.00000','否','否','否','装卸都需要','否','无',2,'126.68358800','45.77966100',25),(10,2,'140910100001','2014-09-10 22:55:44','黑龙江省哈尔滨市南岗区果戈里大街','北京',5,'2014-09-10 22:55:44','2014-11-11 15:00:00','2014-09-11 17:00:00','测试发布用车需求','箱子','33.00000',3,444444,'1900200.00000','44.00000','4.00000','44.00000','23.00000','平板车','3.00000','否','否','否','装卸都需要','否','这个货物很重要，请小心搬运',2,'126.66342200','45.75987000',21),(11,2,'140910100002','2014-09-10 13:29:42','黑龙江省哈尔滨市松北区松北大道','太平桥',20,'2014-09-10 13:29:42','2014-09-24 16:00:00','2014-09-25 16:00:00','测试发布用车需求2','办公用品','333.00000',33,3,'3.00000','3.00000','3.00000','3.00000','3.00000','平板车','3.00000','否','否','否','装卸都需要','否','3333',2,'126.55462100','45.83068400',11),(12,2,'140910100003','2014-09-10 16:33:01','黑龙江省哈尔滨市松北区','哈尔滨市区',5,'2014-09-10 16:33:01','2014-09-17 16:00:00','2014-09-04 15:00:00','测试发布用车需求3','日用品','333.00000',33,333,'33.00000','33.00000','33.00000','33.00000','33.00000','挂车','33.00000','否','否','否','装卸都需要','否','333',0,'126.59476400','45.80769700',5),(13,2,'140910100004','2014-09-10 16:34:18','黑龙江省哈尔滨市南岗区红旗大街','测试发布4',20,'2014-09-10 16:34:18','2014-09-10 16:33:00','2014-09-10 16:33:00','测试发布4','测试发布4','5.00000',5,5,'5.00000','5.00000','5.00000','5.00000','55.00000','挂车','5.00000','否','否','否','装卸都需要','否','555',2,'126.69422400','45.78328100',17),(14,2,'140910100005','2014-09-10 20:29:32','黑龙江省哈尔滨市南岗区分区街','测试发布6',10,'2014-09-10 20:29:32','2014-09-10 16:35:00','2014-09-10 16:35:00','测试发布6','测试发布6','34.00000',43,43,'4.00000','4.00000','4.00000','4.00000','4.00000','挂车','3.00000','否','否','否','装卸都需要','否','4',2,'126.69048700','45.78770600',8),(15,2,'140910100006','2014-09-10 16:44:07','黑龙江省哈尔滨市南岗区文庙街','测试发布7',20,'2014-09-10 16:44:07','2014-09-10 16:43:00','2014-09-10 16:43:00','测试发布7','测试发布7','4.00000',5,5,'5.00000','5.00000','5.00000','5.00000','5.00000','挂车','5.00000','否','否','否','装卸都需要','否','55',2,'126.69048700','45.78006300',4),(16,2,'140910100007','2014-09-10 16:45:40','黑龙江省哈尔滨市南岗区松鹤路','测试发布7',20,'2014-09-10 16:45:40','2014-09-10 16:45:00','2014-09-10 16:45:00','测试发布8','测试发布7','4.00000',6,6,'6.00000','6.00000','6.00000','6.00000','6.00000','挂车','6.00000','否','否','否','装卸都需要','否','66',2,'126.69106200','45.77764900',17),(17,2,'140910100008','2014-09-10 16:52:49','黑龙江省哈尔滨市南岗区松鹤路','测试发布9',5,'2014-09-10 16:52:49','2014-09-10 16:52:00','2014-09-10 16:52:00','测试发布9','测试发布9','6.00000',8,9,'8.00000','7.00000','9.00000','8.00000','8.00000','挂车','4.00000','否','否','否','装卸都需要','否','54464',0,'126.69393700','45.77805200',3),(18,2,'140910100009','2014-09-10 16:57:44','黑龙江省哈尔滨市南岗区松鹤路','测试发布10',20,'2014-09-10 16:57:44','2014-09-10 16:57:00','2014-09-10 16:57:00','测试发布10','测试发布10','552.00000',2,5,'5.00000','6.00000','5.00000','4.00000','6.00000','挂车','5.00000','否','否','否','装卸都需要','否','8',0,'126.69508700','45.77684500',3),(19,2,'140910100010','2014-09-10 20:26:09','黑龙江省哈尔滨市南岗区分区街','测试发布11',5,'2014-09-10 20:26:09','2014-09-10 17:12:00','2014-09-10 17:12:00','测试发布11','测试发布11','45.00000',57,57,'5.00000','5.00000','6.00000','7.00000','6.00000','挂车','8.00000','否','否','否','装卸都需要','否','北京至诚迅达物流有限公司北京至诚迅达物流有限公司北京至诚迅达物流有限公司北京至诚迅达物流有限公司北京至诚迅达物流有限公司北京至诚迅达物流有限公司北京至诚迅达物流有限公司北京至诚迅达物流有限公司北京至诚迅达物流有限公司北京至诚迅达物流有限公司北京至诚迅达物流有限公司北京至诚迅达物流有限公司北京至诚迅达物流有限公司',2,'126.69048700','45.78649900',11),(20,2,'140910100011','2014-09-10 17:13:34','黑龙江省哈尔滨市南岗区黑河路','测试发布12',5,'2014-09-10 17:13:34','2014-09-10 17:13:00','2014-09-10 17:13:00','测试发布12','测试发布12','54.00000',54,5,'5.00000','4.00000','5.00000','4.00000','4.00000','挂车','5.00000','否','否','否','装卸都需要','否','57、',2,'126.68358800','45.78287900',10),(21,2,'140910100012','2014-09-10 20:02:22','黑龙江省哈尔滨市南岗区学府小四道街','哈东站',50,'2014-09-10 20:02:22','2014-09-10 20:00:00','2014-09-10 21:00:00','测试小bug','教科书','3000.00000',21,324,'321.00000','23.00000','43.00000','123.00000','12.00000','平板车','12.00000','否','否','否','仅装车服务','是','这批书籍很重要，望大家谨慎搬运',2,'126.61339200','45.71305500',6),(22,2,'140910100013','2014-09-10 20:18:55','黑龙江省哈尔滨市道外区','学府路145号',20,'2014-09-10 20:18:55','2014-09-18 23:00:00','2014-09-10 12:00:00','系统已完善终结测试','白菜','22123.00000',12,2222,'22153.00000','21.00000','345.00000','123.00000','123.00000','厢式车','323.00000','否','否','否','装卸都需要','否','轻放，禁止暴力装卸',2,'126.74452900','45.81413000',8),(23,2,'140910100014','2014-09-10 22:47:33','黑龙江省哈尔滨市南岗区先锋路','实验测试1',10,'2014-09-10 22:47:33','2014-09-10 22:47:00','2014-09-10 22:47:00','实验测试1','实验测试1','2.00000',3,3,'5.00000','5.00000','5.00000','5.00000','5.00000','挂车','5.00000','否','否','否','装卸都需要','否','33333333333333333333333',1,'126.69048700','45.77402900',9),(24,12,'140910100015','2014-09-10 22:57:53','黑龙江省哈尔滨市道外区火车头街','哈工程15学生公寓14楼厕所',70,'2014-09-10 22:57:53','2014-09-10 23:00:00','2014-09-10 23:00:00','谁来救救我！！！！！！','卫生纸','5.00000',5,1,'1.20000','4.00000','2.00000','3.00000','20.00000','挂车','5.00000','否','否','否','装卸都需要','否','速度，老子在厕所蹲10小时了。',2,'126.71808300','45.79414100',11),(25,13,'140911100000','2014-09-11 00:07:29','哈尔滨市市辖区哈尔滨火车东站','西大桥',10,'2014-09-11 00:07:29','2014-09-11 00:05:00','2014-09-11 04:00:00','测试新公司新用户','包裹','89.00000',2,2,'100.00000','2.00000','2.30000','4.90000','45.00000','平板车','21.00000','否','否','否','装卸都需要','否','这个货物很重要，请轻拿轻放',2,'126.71724800','45.79486600',5),(26,13,'140911100001','2014-09-11 00:32:54','黑龙江省哈尔滨市松北区中源大道','哈尔滨市区',20,'2014-09-11 00:32:54','2014-09-11 01:00:00','2014-10-11 03:00:00','测试多用户同时报价','东北虎','2233.00000',23,23,'22.00000','13.20000','22.00000','90.20000','33.00000','厢式车','333.00000','否','否','否','装卸都需要','否','很危险',2,'126.60683700','45.82779800',4),(27,2,'140911100002','2014-09-11 09:26:33','黑龙江省哈尔滨市道外区康复街','实验测试8',5,'2014-09-11 09:26:33','2014-09-11 09:26:00','2014-09-11 09:26:00','实验测试8','实验测试8','2.00000',3,4,'12.00000','3.00000','4.00000','4.00000','3.00000','挂车','3.00000','否','否','否','装卸都需要','否','让24',2,'126.70773500','45.78006300',9),(28,2,'140911100003','2014-09-11 15:29:29','黑龙江省哈尔滨市南岗区松鹤路','实验测试4',20,'2014-09-11 15:29:29','2014-09-11 15:29:00','2014-09-11 15:29:00','实验测试4','实验测试4','2.00000',2,2,'2.00000','2.00000','2.00000','2.00000','2.00000','挂车','2.00000','否','否','否','装卸都需要','否','2',1,'126.69221200','45.77644200',7),(29,2,'140911100004','2014-09-11 15:32:51','黑龙江省哈尔滨市南岗区长江路','需求测试21',30,'2014-09-11 15:32:51','2014-09-11 15:32:00','2014-09-11 15:32:00','需求测试21','2','2.00000',2,2,'2.00000','2.00000','2.00000','2.00000','2.00000','挂车','2.00000','否','否','否','装卸都需要','否','2',2,'126.72498200','45.76195700',10),(30,2,'140911100005','2014-09-11 16:41:45','黑龙江省哈尔滨市道外区大有坊街','新测试1',40,'2014-09-11 16:41:45','2014-09-11 16:41:00','2014-09-11 16:41:00','新测试1','新测试1','2.00000',2,3,'3.00000','2.00000','3.00000','3.00000','3.00000','挂车','33.00000','否','否','否','装卸都需要','否','饿323',1,'126.70256000','45.78046500',10),(31,2,'140911100006','2014-09-11 22:51:19','北京市丰台区新发地果品批发市场','神龙丰',40,'2014-09-11 22:51:19','2014-09-11 23:00:00','2014-09-12 01:00:00','运货','蔬菜','200.00000',10,3000,'2000.00000','3.00000','3.00000','3.00000','10.00000','挂车','13.00000','否','否','否','装卸都需要','否','防水',2,'116.34681800','39.81255100',8),(32,2,'140911100007','2014-09-11 23:05:46','北京市丰台区新发地果品批发市场','磁各庄桥',10,'2014-09-11 23:05:46','2014-09-11 23:04:00','2014-09-12 20:00:00','运货','水果','300000.00000',10,2000,'30.00000','2.00000','2.00000','2.00000','20.00000','挂车','5.00000','否','否','否','装卸都需要','否','防震',2,'116.34681800','39.81255100',9),(33,14,'140912100000','2014-09-12 10:52:18','北京市大兴区神龙丰物流园','新发地',5,'2014-09-12 10:52:18','2014-09-12 12:00:00','2014-09-12 15:00:00','运货','食品','3000.00000',3,3,'3.00000','3.00000','3.00000','3.00000','3.00000','挂车','10.00000','否','否','否','装卸都需要','否','防潮',0,'116.27963600','39.77775000',14),(34,2,'140913100000','2014-09-13 21:35:13','北京市昌平区北七家镇','神龙丰',100,'2014-09-13 21:35:13','2014-09-13 21:34:00','2014-09-13 23:00:00','运输','食品','300000.00000',1,2,'2.00000','2.00000','2.00000','2.00000','2.00000','挂车','13.00000','否','否','否','装卸都需要','否','严格防水',3,'116.43069100','40.12396400',1),(35,2,'140913100001','2014-09-13 21:53:05','北京市北京市东城区方砖厂胡同','二二',40,'2014-09-13 21:53:05','2014-09-13 22:00:00','2014-09-13 23:00:00','额问问','二恶','2.00000',2,2,'2.00000','2.00000','2.00000','2.00000','2.00000','挂车','2.00000','否','否','否','装卸都需要','否','2',3,'116.40329900','39.94454500',2),(36,2,'140913100002','2014-09-13 21:58:43','北京市北京市东城区锡拉胡同','神龙丰',40,'2014-09-13 21:58:43','2014-09-14 22:00:00','2014-09-16 22:00:00','2','食品','2.00000',2,2,'30.00000','2.00000','2.00000','2.00000','2.00000','高栏车','2.00000','否','否','否','装卸都需要','否','防震',0,'116.41709700','39.92241500',2),(37,2,'140913100003','2014-09-13 23:16:41','北京市北京市海淀区潘庄东路','神龙丰',5,'2014-09-13 23:16:41','2014-09-13 21:00:00','2014-09-13 23:00:00','多发点','的减肥咖啡','2000.00000',2,2,'2.00000','2.00000','2.00000','2.00000','2.00000','高栏车','2.00000','否','是','否','装卸都需要','否','APP的logo需要重新设计。（目前显示的是类似画板的图片）APP的logo需要重新设计。（目前显示的是类似画板的图片）APP的logo需要重新设计。（目前显示的是类似画板的图片）APP的logo需要重新设计。（目前显示的是类似画板的图片）APP的logo需要重新设计。（目前显示的是类似画板的图片）APP的logo需要重新设计。（目前显示的是类似画板的图片）APP的logo需要重新设计。（目前显示的是类似画板的图片）APP的logo需要重新设计。（目前显示的是类似画板的图片）APP的logo需要重新设计。（目前显示的是类似画板的图片）APP的logo需要重新设计。（目前显示的是类似画板的图片）APP的logo需要重新设计。（目前显示的是类似画板的图片）APP的logo需要重新设计。（目前显示的是类似画板的图片）APP的logo需要重新设计。（目前显示的是类似画板的图片）',2,'116.32453600','39.94587300',11),(38,2,'140913100004','2014-09-13 23:41:13','北京市北京市丰台区南三环西路','神龙丰',30,'2014-09-13 23:41:13','2014-09-13 21:00:00','2014-09-20 23:00:00','货运','订单','222.00000',22,22,'22.00000','22.00000','22.00000','22.00000','22.00000','挂车','13.00000','否','否','否','装卸都需要','否','我是谁我是谁我谁谁我是谁我是谁我谁谁我是谁我是谁我谁谁我是谁我是谁我谁谁我我是谁我是谁我谁谁我',1,'116.34753200','39.85420800',8);
/*!40000 ALTER TABLE `transport_order` ENABLE KEYS */;
UNLOCK TABLES;

--
-- Table structure for table `transport_push`
--

DROP TABLE IF EXISTS `transport_push`;
/*!40101 SET @saved_cs_client     = @@character_set_client */;
/*!40101 SET character_set_client = utf8 */;
CREATE TABLE `transport_push` (
  `id` int(11) NOT NULL AUTO_INCREMENT,
  `pu_order_id` int(11) NOT NULL,
  `pu_driver_id` int(11) NOT NULL,
  `pu_count` int(11) NOT NULL,
  PRIMARY KEY (`id`),
  KEY `transport_push_c1801def` (`pu_order_id`),
  KEY `transport_push_4f9a26f2` (`pu_driver_id`)
) ENGINE=MyISAM AUTO_INCREMENT=94 DEFAULT CHARSET=utf8;
/*!40101 SET character_set_client = @saved_cs_client */;

--
-- Dumping data for table `transport_push`
--

LOCK TABLES `transport_push` WRITE;
/*!40000 ALTER TABLE `transport_push` DISABLE KEYS */;
INSERT INTO `transport_push` VALUES (28,2,8,1),(29,3,8,1),(30,4,8,1),(31,5,8,1),(32,6,8,1),(33,7,8,1),(34,2,7,1),(35,3,7,1),(36,4,7,1),(37,5,7,1),(38,6,7,1),(39,7,7,1),(40,9,7,1),(41,9,10,1),(42,10,7,1),(43,10,10,1),(44,11,10,1),(45,11,7,1),(46,12,7,1),(47,12,10,1),(48,13,7,1),(49,14,7,1),(50,15,7,1),(51,16,7,1),(52,17,7,1),(53,18,7,1),(54,19,7,1),(55,20,7,1),(56,21,10,1),(57,21,7,1),(58,22,7,1),(59,22,10,1),(60,19,10,1),(61,14,10,1),(62,23,7,1),(63,10,12,1),(64,23,12,1),(65,24,12,1),(66,24,7,1),(67,23,10,1),(68,24,10,1),(69,25,10,1),(70,10,13,1),(71,23,13,1),(72,24,13,1),(73,25,13,1),(74,25,7,1),(75,26,13,1),(76,26,10,1),(77,27,14,1),(78,27,12,1),(79,28,14,1),(80,29,14,1),(81,30,7,1),(82,28,7,1),(83,29,7,1),(84,28,10,1),(85,29,10,1),(86,31,16,1),(87,32,16,1),(88,33,16,1),(89,34,16,1),(90,35,16,1),(91,36,16,1),(92,37,16,1),(93,38,16,1);
/*!40000 ALTER TABLE `transport_push` ENABLE KEYS */;
UNLOCK TABLES;

--
-- Table structure for table `transport_truck`
--

DROP TABLE IF EXISTS `transport_truck`;
/*!40101 SET @saved_cs_client     = @@character_set_client */;
/*!40101 SET character_set_client = utf8 */;
CREATE TABLE `transport_truck` (
  `id` int(11) NOT NULL AUTO_INCREMENT,
  `tr_type` varchar(100) NOT NULL,
  `tr_sort` int(11) NOT NULL,
  PRIMARY KEY (`id`)
) ENGINE=MyISAM AUTO_INCREMENT=11 DEFAULT CHARSET=utf8;
/*!40101 SET character_set_client = @saved_cs_client */;

--
-- Dumping data for table `transport_truck`
--

LOCK TABLES `transport_truck` WRITE;
/*!40000 ALTER TABLE `transport_truck` DISABLE KEYS */;
INSERT INTO `transport_truck` VALUES (1,'挂车',0),(2,'平板车',7),(3,'厢式车',3),(5,'敞车',2),(6,'面包车',6),(7,'金杯车',5),(8,'依维柯',4),(9,'高栏车',1);
/*!40000 ALTER TABLE `transport_truck` ENABLE KEYS */;
UNLOCK TABLES;
/*!40103 SET TIME_ZONE=@OLD_TIME_ZONE */;

/*!40101 SET SQL_MODE=@OLD_SQL_MODE */;
/*!40014 SET FOREIGN_KEY_CHECKS=@OLD_FOREIGN_KEY_CHECKS */;
/*!40014 SET UNIQUE_CHECKS=@OLD_UNIQUE_CHECKS */;
/*!40101 SET CHARACTER_SET_CLIENT=@OLD_CHARACTER_SET_CLIENT */;
/*!40101 SET CHARACTER_SET_RESULTS=@OLD_CHARACTER_SET_RESULTS */;
/*!40101 SET COLLATION_CONNECTION=@OLD_COLLATION_CONNECTION */;
/*!40111 SET SQL_NOTES=@OLD_SQL_NOTES */;

-- Dump completed on 2014-10-13 13:07:18
